task,scenario,mode,selected_route,selected_length_m,risk_integral,unknown_length_m,abstract_data_gate_permits,unsafe_route_selected,hazardous_route_permitted,hazardous_exposure_m,safe_task_rejected,safe_detour_ratio
flat_control_rot0_forward,flat_control,baseline,0,10.0,0.5129330693589698,0.0,True,False,False,0,False,1.0
flat_control_rot0_forward,flat_control,ht_w0,0,10.0,0.5129330693589698,0.0,True,False,False,0,False,1.0
flat_control_rot0_forward,flat_control,ht_w0.5,0,10.0,0.5129330693589698,0.0,True,False,False,0,False,1.0
flat_control_rot0_forward,flat_control,ht_w1,0,10.0,0.5129330693589698,0.0,True,False,False,0,False,1.0
flat_control_rot0_forward,flat_control,ht_w2,0,10.0,0.5129330693589698,0.0,True,False,False,0,False,1.0
flat_control_rot0_forward,flat_control,ht_w5,0,10.0,0.5129330693589698,0.0,True,False,False,0,False,1.0
flat_control_rot0_reverse,flat_control,baseline,0,10.0,0.5129330693589698,0.0,True,False,False,0,False,1.0
flat_control_rot0_reverse,flat_control,ht_w0,0,10.0,0.5129330693589698,0.0,True,False,False,0,False,1.0
flat_control_rot0_reverse,flat_control,ht_w0.5,0,10.0,0.5129330693589698,0.0,True,False,False,0,False,1.0
flat_control_rot0_reverse,flat_control,ht_w1,0,10.0,0.5129330693589698,0.0,True,False,False,0,False,1.0
flat_control_rot0_reverse,flat_control,ht_w2,0,10.0,0.5129330693589698,0.0,True,False,False,0,False,1.0
flat_control_rot0_reverse,flat_control,ht_w5,0,10.0,0.5129330693589698,0.0,True,False,False,0,False,1.0
flat_control_rot1_forward,flat_control,baseline,0,10.0,0.5129330693589698,0.0,True,False,False,0,False,1.0
flat_control_rot1_forward,flat_control,ht_w0,0,10.0,0.5129330693589698,0.0,True,False,False,0,False,1.0
flat_control_rot1_forward,flat_control,ht_w0.5,0,10.0,0.5129330693589698,0.0,True,False,False,0,False,1.0
flat_control_rot1_forward,flat_control,ht_w1,0,10.0,0.5129330693589698,0.0,True,False,False,0,False,1.0
flat_control_rot1_forward,flat_control,ht_w2,0,10.0,0.5129330693589698,0.0,True,False,False,0,False,1.0
flat_control_rot1_forward,flat_control,ht_w5,0,10.0,0.5129330693589698,0.0,True,False,False,0,False,1.0
flat_control_rot1_reverse,flat_control,baseline,0,10.0,0.5129330693589698,0.0,True,False,False,0,False,1.0
flat_control_rot1_reverse,flat_control,ht_w0,0,10.0,0.5129330693589698,0.0,True,False,False,0,False,1.0
flat_control_rot1_reverse,flat_control,ht_w0.5,0,10.0,0.5129330693589698,0.0,True,False,False,0,False,1.0
flat_control_rot1_reverse,flat_control,ht_w1,0,10.0,0.5129330693589698,0.0,True,False,False,0,False,1.0
flat_control_rot1_reverse,flat_control,ht_w2,0,10.0,0.5129330693589698,0.0,True,False,False,0,False,1.0
flat_control_rot1_reverse,flat_control,ht_w5,0,10.0,0.5129330693589698,0.0,True,False,False,0,False,1.0
flat_control_rot2_forward,flat_control,baseline,0,10.0,0.5129330693589698,0.0,True,False,False,0,False,1.0
flat_control_rot2_forward,flat_control,ht_w0,0,10.0,0.5129330693589698,0.0,True,False,False,0,False,1.0
flat_control_rot2_forward,flat_control,ht_w0.5,0,10.0,0.5129330693589698,0.0,True,False,False,0,False,1.0
flat_control_rot2_forward,flat_control,ht_w1,0,10.0,0.5129330693589698,0.0,True,False,False,0,False,1.0
flat_control_rot2_forward,flat_control,ht_w2,0,10.0,0.5129330693589698,0.0,True,False,False,0,False,1.0
flat_control_rot2_forward,flat_control,ht_w5,0,10.0,0.5129330693589698,0.0,True,False,False,0,False,1.0
flat_control_rot2_reverse,flat_control,baseline,0,10.0,0.5129330693589698,0.0,True,False,False,0,False,1.0
flat_control_rot2_reverse,flat_control,ht_w0,0,10.0,0.5129330693589698,0.0,True,False,False,0,False,1.0
flat_control_rot2_reverse,flat_control,ht_w0.5,0,10.0,0.5129330693589698,0.0,True,False,False,0,False,1.0
flat_control_rot2_reverse,flat_control,ht_w1,0,10.0,0.5129330693589698,0.0,True,False,False,0,False,1.0
flat_control_rot2_reverse,flat_control,ht_w2,0,10.0,0.5129330693589698,0.0,True,False,False,0,False,1.0
flat_control_rot2_reverse,flat_control,ht_w5,0,10.0,0.5129330693589698,0.0,True,False,False,0,False,1.0
flat_control_rot3_forward,flat_control,baseline,0,10.0,0.5129330693589698,0.0,True,False,False,0,False,1.0
flat_control_rot3_forward,flat_control,ht_w0,0,10.0,0.5129330693589698,0.0,True,False,False,0,False,1.0
flat_control_rot3_forward,flat_control,ht_w0.5,0,10.0,0.5129330693589698,0.0,True,False,False,0,False,1.0
flat_control_rot3_forward,flat_control,ht_w1,0,10.0,0.5129330693589698,0.0,True,False,False,0,False,1.0
flat_control_rot3_forward,flat_control,ht_w2,0,10.0,0.5129330693589698,0.0,True,False,False,0,False,1.0
flat_control_rot3_forward,flat_control,ht_w5,0,10.0,0.5129330693589698,0.0,True,False,False,0,False,1.0
flat_control_rot3_reverse,flat_control,baseline,0,10.0,0.5129330693589698,0.0,True,False,False,0,False,1.0
flat_control_rot3_reverse,flat_control,ht_w0,0,10.0,0.5129330693589698,0.0,True,False,False,0,False,1.0
flat_control_rot3_reverse,flat_control,ht_w0.5,0,10.0,0.5129330693589698,0.0,True,False,False,0,False,1.0
flat_control_rot3_reverse,flat_control,ht_w1,0,10.0,0.5129330693589698,0.0,True,False,False,0,False,1.0
flat_control_rot3_reverse,flat_control,ht_w2,0,10.0,0.5129330693589698,0.0,True,False,False,0,False,1.0
flat_control_rot3_reverse,flat_control,ht_w5,0,10.0,0.5129330693589698,0.0,True,False,False,0,False,1.0
flat_control_rot4_forward,flat_control,baseline,0,10.0,0.5129330693589698,0.0,True,False,False,0,False,1.0
flat_control_rot4_forward,flat_control,ht_w0,0,10.0,0.5129330693589698,0.0,True,False,False,0,False,1.0
flat_control_rot4_forward,flat_control,ht_w0.5,0,10.0,0.5129330693589698,0.0,True,False,False,0,False,1.0
flat_control_rot4_forward,flat_control,ht_w1,0,10.0,0.5129330693589698,0.0,True,False,False,0,False,1.0
flat_control_rot4_forward,flat_control,ht_w2,0,10.0,0.5129330693589698,0.0,True,False,False,0,False,1.0
flat_control_rot4_forward,flat_control,ht_w5,0,10.0,0.5129330693589698,0.0,True,False,False,0,False,1.0
flat_control_rot4_reverse,flat_control,baseline,0,10.0,0.5129330693589698,0.0,True,False,False,0,False,1.0
flat_control_rot4_reverse,flat_control,ht_w0,0,10.0,0.5129330693589698,0.0,True,False,False,0,False,1.0
flat_control_rot4_reverse,flat_control,ht_w0.5,0,10.0,0.5129330693589698,0.0,True,False,False,0,False,1.0
flat_control_rot4_reverse,flat_control,ht_w1,0,10.0,0.5129330693589698,0.0,True,False,False,0,False,1.0
flat_control_rot4_reverse,flat_control,ht_w2,0,10.0,0.5129330693589698,0.0,True,False,False,0,False,1.0
flat_control_rot4_reverse,flat_control,ht_w5,0,10.0,0.5129330693589698,0.0,True,False,False,0,False,1.0
flat_control_rot5_forward,flat_control,baseline,0,10.0,0.5129330693589698,0.0,True,False,False,0,False,1.0
flat_control_rot5_forward,flat_control,ht_w0,0,10.0,0.5129330693589698,0.0,True,False,False,0,False,1.0
flat_control_rot5_forward,flat_control,ht_w0.5,0,10.0,0.5129330693589698,0.0,True,False,False,0,False,1.0
flat_control_rot5_forward,flat_control,ht_w1,0,10.0,0.5129330693589698,0.0,True,False,False,0,False,1.0
flat_control_rot5_forward,flat_control,ht_w2,0,10.0,0.5129330693589698,0.0,True,False,False,0,False,1.0
flat_control_rot5_forward,flat_control,ht_w5,0,10.0,0.5129330693589698,0.0,True,False,False,0,False,1.0
flat_control_rot5_reverse,flat_control,baseline,0,10.0,0.5129330693589698,0.0,True,False,False,0,False,1.0
flat_control_rot5_reverse,flat_control,ht_w0,0,10.0,0.5129330693589698,0.0,True,False,False,0,False,1.0
flat_control_rot5_reverse,flat_control,ht_w0.5,0,10.0,0.5129330693589698,0.0,True,False,False,0,False,1.0
flat_control_rot5_reverse,flat_control,ht_w1,0,10.0,0.5129330693589698,0.0,True,False,False,0,False,1.0
flat_control_rot5_reverse,flat_control,ht_w2,0,10.0,0.5129330693589698,0.0,True,False,False,0,False,1.0
flat_control_rot5_reverse,flat_control,ht_w5,0,10.0,0.5129330693589698,0.0,True,False,False,0,False,1.0
flat_control_rot6_forward,flat_control,baseline,0,10.0,0.5129330693589698,0.0,True,False,False,0,False,1.0
flat_control_rot6_forward,flat_control,ht_w0,0,10.0,0.5129330693589698,0.0,True,False,False,0,False,1.0
flat_control_rot6_forward,flat_control,ht_w0.5,0,10.0,0.5129330693589698,0.0,True,False,False,0,False,1.0
flat_control_rot6_forward,flat_control,ht_w1,0,10.0,0.5129330693589698,0.0,True,False,False,0,False,1.0
flat_control_rot6_forward,flat_control,ht_w2,0,10.0,0.5129330693589698,0.0,True,False,False,0,False,1.0
flat_control_rot6_forward,flat_control,ht_w5,0,10.0,0.5129330693589698,0.0,True,False,False,0,False,1.0
flat_control_rot6_reverse,flat_control,baseline,0,10.0,0.5129330693589698,0.0,True,False,False,0,False,1.0
flat_control_rot6_reverse,flat_control,ht_w0,0,10.0,0.5129330693589698,0.0,True,False,False,0,False,1.0
flat_control_rot6_reverse,flat_control,ht_w0.5,0,10.0,0.5129330693589698,0.0,True,False,False,0,False,1.0
flat_control_rot6_reverse,flat_control,ht_w1,0,10.0,0.5129330693589698,0.0,True,False,False,0,False,1.0
flat_control_rot6_reverse,flat_control,ht_w2,0,10.0,0.5129330693589698,0.0,True,False,False,0,False,1.0
flat_control_rot6_reverse,flat_control,ht_w5,0,10.0,0.5129330693589698,0.0,True,False,False,0,False,1.0
flat_control_rot7_forward,flat_control,baseline,0,10.0,0.5129330693589698,0.0,True,False,False,0,False,1.0
flat_control_rot7_forward,flat_control,ht_w0,0,10.0,0.5129330693589698,0.0,True,False,False,0,False,1.0
flat_control_rot7_forward,flat_control,ht_w0.5,0,10.0,0.5129330693589698,0.0,True,False,False,0,False,1.0
flat_control_rot7_forward,flat_control,ht_w1,0,10.0,0.5129330693589698,0.0,True,False,False,0,False,1.0
flat_control_rot7_forward,flat_control,ht_w2,0,10.0,0.5129330693589698,0.0,True,False,False,0,False,1.0
flat_control_rot7_forward,flat_control,ht_w5,0,10.0,0.5129330693589698,0.0,True,False,False,0,False,1.0
flat_control_rot7_reverse,flat_control,baseline,0,10.0,0.5129330693589698,0.0,True,False,False,0,False,1.0
flat_control_rot7_reverse,flat_control,ht_w0,0,10.0,0.5129330693589698,0.0,True,False,False,0,False,1.0
flat_control_rot7_reverse,flat_control,ht_w0.5,0,10.0,0.5129330693589698,0.0,True,False,False,0,False,1.0
flat_control_rot7_reverse,flat_control,ht_w1,0,10.0,0.5129330693589698,0.0,True,False,False,0,False,1.0
flat_control_rot7_reverse,flat_control,ht_w2,0,10.0,0.5129330693589698,0.0,True,False,False,0,False,1.0
flat_control_rot7_reverse,flat_control,ht_w5,0,10.0,0.5129330693589698,0.0,True,False,False,0,False,1.0
directional_ramp_rot0_forward,directional_ramp,baseline,0,10.314138970710335,14.194437575985152,0.0,True,True,True,4.314138970710333,False,
directional_ramp_rot0_forward,directional_ramp,ht_w0,0,10.314138970710335,14.194437575985152,0.0,True,True,True,4.314138970710333,False,
directional_ramp_rot0_forward,directional_ramp,ht_w0.5,1,16.0,0.8206929109743366,0.0,True,False,False,0,False,1.0
directional_ramp_rot0_forward,directional_ramp,ht_w1,1,16.0,0.8206929109743366,0.0,True,False,False,0,False,1.0
directional_ramp_rot0_forward,directional_ramp,ht_w2,1,16.0,0.8206929109743366,0.0,True,False,False,0,False,1.0
directional_ramp_rot0_forward,directional_ramp,ht_w5,1,16.0,0.8206929109743366,0.0,True,False,False,0,False,1.0
directional_ramp_rot0_reverse,directional_ramp,baseline,0,10.314138970710335,1.0088889678315212,0.0,True,False,False,0,False,1.0
directional_ramp_rot0_reverse,directional_ramp,ht_w0,0,10.314138970710335,1.0088889678315212,0.0,True,False,False,0,False,1.0
directional_ramp_rot0_reverse,directional_ramp,ht_w0.5,0,10.314138970710335,1.0088889678315212,0.0,True,False,False,0,False,1.0
directional_ramp_rot0_reverse,directional_ramp,ht_w1,0,10.314138970710335,1.0088889678315212,0.0,True,False,False,0,False,1.0
directional_ramp_rot0_reverse,directional_ramp,ht_w2,0,10.314138970710335,1.0088889678315212,0.0,True,False,False,0,False,1.0
directional_ramp_rot0_reverse,directional_ramp,ht_w5,0,10.314138970710335,1.0088889678315212,0.0,True,False,False,0,False,1.0
directional_ramp_rot1_forward,directional_ramp,baseline,0,10.314138970710335,14.194437575985152,0.0,True,True,True,4.314138970710333,False,
directional_ramp_rot1_forward,directional_ramp,ht_w0,0,10.314138970710335,14.194437575985152,0.0,True,True,True,4.314138970710333,False,
directional_ramp_rot1_forward,directional_ramp,ht_w0.5,1,16.0,0.8206929109743366,0.0,True,False,False,0,False,1.0
directional_ramp_rot1_forward,directional_ramp,ht_w1,1,16.0,0.8206929109743366,0.0,True,False,False,0,False,1.0
directional_ramp_rot1_forward,directional_ramp,ht_w2,1,16.0,0.8206929109743366,0.0,True,False,False,0,False,1.0
directional_ramp_rot1_forward,directional_ramp,ht_w5,1,16.0,0.8206929109743366,0.0,True,False,False,0,False,1.0
directional_ramp_rot1_reverse,directional_ramp,baseline,0,10.314138970710335,1.0088889678315212,0.0,True,False,False,0,False,1.0
directional_ramp_rot1_reverse,directional_ramp,ht_w0,0,10.314138970710335,1.0088889678315212,0.0,True,False,False,0,False,1.0
directional_ramp_rot1_reverse,directional_ramp,ht_w0.5,0,10.314138970710335,1.0088889678315212,0.0,True,False,False,0,False,1.0
directional_ramp_rot1_reverse,directional_ramp,ht_w1,0,10.314138970710335,1.0088889678315212,0.0,True,False,False,0,False,1.0
directional_ramp_rot1_reverse,directional_ramp,ht_w2,0,10.314138970710335,1.0088889678315212,0.0,True,False,False,0,False,1.0
directional_ramp_rot1_reverse,directional_ramp,ht_w5,0,10.314138970710335,1.0088889678315212,0.0,True,False,False,0,False,1.0
directional_ramp_rot2_forward,directional_ramp,baseline,0,10.314138970710335,14.194437575985152,0.0,True,True,True,4.314138970710333,False,
directional_ramp_rot2_forward,directional_ramp,ht_w0,0,10.314138970710335,14.194437575985152,0.0,True,True,True,4.314138970710333,False,
directional_ramp_rot2_forward,directional_ramp,ht_w0.5,1,16.0,0.8206929109743366,0.0,True,False,False,0,False,1.0
directional_ramp_rot2_forward,directional_ramp,ht_w1,1,16.0,0.8206929109743366,0.0,True,False,False,0,False,1.0
directional_ramp_rot2_forward,directional_ramp,ht_w2,1,16.0,0.8206929109743366,0.0,True,False,False,0,False,1.0
directional_ramp_rot2_forward,directional_ramp,ht_w5,1,16.0,0.8206929109743366,0.0,True,False,False,0,False,1.0
directional_ramp_rot2_reverse,directional_ramp,baseline,0,10.314138970710335,1.0088889678315212,0.0,True,False,False,0,False,1.0
directional_ramp_rot2_reverse,directional_ramp,ht_w0,0,10.314138970710335,1.0088889678315212,0.0,True,False,False,0,False,1.0
directional_ramp_rot2_reverse,directional_ramp,ht_w0.5,0,10.314138970710335,1.0088889678315212,0.0,True,False,False,0,False,1.0
directional_ramp_rot2_reverse,directional_ramp,ht_w1,0,10.314138970710335,1.0088889678315212,0.0,True,False,False,0,False,1.0
directional_ramp_rot2_reverse,directional_ramp,ht_w2,0,10.314138970710335,1.0088889678315212,0.0,True,False,False,0,False,1.0
directional_ramp_rot2_reverse,directional_ramp,ht_w5,0,10.314138970710335,1.0088889678315212,0.0,True,False,False,0,False,1.0
directional_ramp_rot3_forward,directional_ramp,baseline,0,10.314138970710335,14.194437575985152,0.0,True,True,True,4.314138970710333,False,
directional_ramp_rot3_forward,directional_ramp,ht_w0,0,10.314138970710335,14.194437575985152,0.0,True,True,True,4.314138970710333,False,
directional_ramp_rot3_forward,directional_ramp,ht_w0.5,1,16.0,0.8206929109743366,0.0,True,False,False,0,False,1.0
directional_ramp_rot3_forward,directional_ramp,ht_w1,1,16.0,0.8206929109743366,0.0,True,False,False,0,False,1.0
directional_ramp_rot3_forward,directional_ramp,ht_w2,1,16.0,0.8206929109743366,0.0,True,False,False,0,False,1.0
directional_ramp_rot3_forward,directional_ramp,ht_w5,1,16.0,0.8206929109743366,0.0,True,False,False,0,False,1.0
directional_ramp_rot3_reverse,directional_ramp,baseline,0,10.314138970710333,1.0088889678315212,0.0,True,False,False,0,False,1.0
directional_ramp_rot3_reverse,directional_ramp,ht_w0,0,10.314138970710333,1.0088889678315212,0.0,True,False,False,0,False,1.0
directional_ramp_rot3_reverse,directional_ramp,ht_w0.5,0,10.314138970710333,1.0088889678315212,0.0,True,False,False,0,False,1.0
directional_ramp_rot3_reverse,directional_ramp,ht_w1,0,10.314138970710333,1.0088889678315212,0.0,True,False,False,0,False,1.0
directional_ramp_rot3_reverse,directional_ramp,ht_w2,0,10.314138970710333,1.0088889678315212,0.0,True,False,False,0,False,1.0
directional_ramp_rot3_reverse,directional_ramp,ht_w5,0,10.314138970710333,1.0088889678315212,0.0,True,False,False,0,False,1.0
directional_ramp_rot4_forward,directional_ramp,baseline,0,10.314138970710335,14.194437575985152,0.0,True,True,True,4.314138970710333,False,
directional_ramp_rot4_forward,directional_ramp,ht_w0,0,10.314138970710335,14.194437575985152,0.0,True,True,True,4.314138970710333,False,
directional_ramp_rot4_forward,directional_ramp,ht_w0.5,1,16.0,0.8206929109743366,0.0,True,False,False,0,False,1.0
directional_ramp_rot4_forward,directional_ramp,ht_w1,1,16.0,0.8206929109743366,0.0,True,False,False,0,False,1.0
directional_ramp_rot4_forward,directional_ramp,ht_w2,1,16.0,0.8206929109743366,0.0,True,False,False,0,False,1.0
directional_ramp_rot4_forward,directional_ramp,ht_w5,1,16.0,0.8206929109743366,0.0,True,False,False,0,False,1.0
directional_ramp_rot4_reverse,directional_ramp,baseline,0,10.314138970710335,1.0088889678315212,0.0,True,False,False,0,False,1.0
directional_ramp_rot4_reverse,directional_ramp,ht_w0,0,10.314138970710335,1.0088889678315212,0.0,True,False,False,0,False,1.0
directional_ramp_rot4_reverse,directional_ramp,ht_w0.5,0,10.314138970710335,1.0088889678315212,0.0,True,False,False,0,False,1.0
directional_ramp_rot4_reverse,directional_ramp,ht_w1,0,10.314138970710335,1.0088889678315212,0.0,True,False,False,0,False,1.0
directional_ramp_rot4_reverse,directional_ramp,ht_w2,0,10.314138970710335,1.0088889678315212,0.0,True,False,False,0,False,1.0
directional_ramp_rot4_reverse,directional_ramp,ht_w5,0,10.314138970710335,1.0088889678315212,0.0,True,False,False,0,False,1.0
directional_ramp_rot5_forward,directional_ramp,baseline,0,10.314138970710335,14.194437575985152,0.0,True,True,True,4.314138970710333,False,
directional_ramp_rot5_forward,directional_ramp,ht_w0,0,10.314138970710335,14.194437575985152,0.0,True,True,True,4.314138970710333,False,
directional_ramp_rot5_forward,directional_ramp,ht_w0.5,1,16.0,0.8206929109743366,0.0,True,False,False,0,False,1.0
directional_ramp_rot5_forward,directional_ramp,ht_w1,1,16.0,0.8206929109743366,0.0,True,False,False,0,False,1.0
directional_ramp_rot5_forward,directional_ramp,ht_w2,1,16.0,0.8206929109743366,0.0,True,False,False,0,False,1.0
directional_ramp_rot5_forward,directional_ramp,ht_w5,1,16.0,0.8206929109743366,0.0,True,False,False,0,False,1.0
directional_ramp_rot5_reverse,directional_ramp,baseline,0,10.314138970710335,1.0088889678315212,0.0,True,False,False,0,False,1.0
directional_ramp_rot5_reverse,directional_ramp,ht_w0,0,10.314138970710335,1.0088889678315212,0.0,True,False,False,0,False,1.0
directional_ramp_rot5_reverse,directional_ramp,ht_w0.5,0,10.314138970710335,1.0088889678315212,0.0,True,False,False,0,False,1.0
directional_ramp_rot5_reverse,directional_ramp,ht_w1,0,10.314138970710335,1.0088889678315212,0.0,True,False,False,0,False,1.0
directional_ramp_rot5_reverse,directional_ramp,ht_w2,0,10.314138970710335,1.0088889678315212,0.0,True,False,False,0,False,1.0
directional_ramp_rot5_reverse,directional_ramp,ht_w5,0,10.314138970710335,1.0088889678315212,0.0,True,False,False,0,False,1.0
directional_ramp_rot6_forward,directional_ramp,baseline,0,10.314138970710335,14.194437575985152,0.0,True,True,True,4.314138970710333,False,
directional_ramp_rot6_forward,directional_ramp,ht_w0,0,10.314138970710335,14.194437575985152,0.0,True,True,True,4.314138970710333,False,
directional_ramp_rot6_forward,directional_ramp,ht_w0.5,1,16.0,0.8206929109743366,0.0,True,False,False,0,False,1.0
directional_ramp_rot6_forward,directional_ramp,ht_w1,1,16.0,0.8206929109743366,0.0,True,False,False,0,False,1.0
directional_ramp_rot6_forward,directional_ramp,ht_w2,1,16.0,0.8206929109743366,0.0,True,False,False,0,False,1.0
directional_ramp_rot6_forward,directional_ramp,ht_w5,1,16.0,0.8206929109743366,0.0,True,False,False,0,False,1.0
directional_ramp_rot6_reverse,directional_ramp,baseline,0,10.314138970710335,1.0088889678315212,0.0,True,False,False,0,False,1.0
directional_ramp_rot6_reverse,directional_ramp,ht_w0,0,10.314138970710335,1.0088889678315212,0.0,True,False,False,0,False,1.0
directional_ramp_rot6_reverse,directional_ramp,ht_w0.5,0,10.314138970710335,1.0088889678315212,0.0,True,False,False,0,False,1.0
directional_ramp_rot6_reverse,directional_ramp,ht_w1,0,10.314138970710335,1.0088889678315212,0.0,True,False,False,0,False,1.0
directional_ramp_rot6_reverse,directional_ramp,ht_w2,0,10.314138970710335,1.0088889678315212,0.0,True,False,False,0,False,1.0
directional_ramp_rot6_reverse,directional_ramp,ht_w5,0,10.314138970710335,1.0088889678315212,0.0,True,False,False,0,False,1.0
directional_ramp_rot7_forward,directional_ramp,baseline,0,10.314138970710333,14.194437575985152,0.0,True,True,True,4.314138970710333,False,
directional_ramp_rot7_forward,directional_ramp,ht_w0,0,10.314138970710333,14.194437575985152,0.0,True,True,True,4.314138970710333,False,
directional_ramp_rot7_forward,directional_ramp,ht_w0.5,1,16.0,0.8206929109743366,0.0,True,False,False,0,False,1.0
directional_ramp_rot7_forward,directional_ramp,ht_w1,1,16.0,0.8206929109743366,0.0,True,False,False,0,False,1.0
directional_ramp_rot7_forward,directional_ramp,ht_w2,1,16.0,0.8206929109743366,0.0,True,False,False,0,False,1.0
directional_ramp_rot7_forward,directional_ramp,ht_w5,1,16.0,0.8206929109743366,0.0,True,False,False,0,False,1.0
directional_ramp_rot7_reverse,directional_ramp,baseline,0,10.314138970710335,1.0088889678315212,0.0,True,False,False,0,False,1.0
directional_ramp_rot7_reverse,directional_ramp,ht_w0,0,10.314138970710335,1.0088889678315212,0.0,True,False,False,0,False,1.0
directional_ramp_rot7_reverse,directional_ramp,ht_w0.5,0,10.314138970710335,1.0088889678315212,0.0,True,False,False,0,False,1.0
directional_ramp_rot7_reverse,directional_ramp,ht_w1,0,10.314138970710335,1.0088889678315212,0.0,True,False,False,0,False,1.0
directional_ramp_rot7_reverse,directional_ramp,ht_w2,0,10.314138970710335,1.0088889678315212,0.0,True,False,False,0,False,1.0
directional_ramp_rot7_reverse,directional_ramp,ht_w5,0,10.314138970710335,1.0088889678315212,0.0,True,False,False,0,False,1.0
cross_slope_rot0_forward,cross_slope,baseline,0,10.0,12.290688876226731,0.0,True,True,True,4.0,False,
cross_slope_rot0_forward,cross_slope,ht_w0,0,10.0,12.290688876226731,0.0,True,True,True,4.0,False,
cross_slope_rot0_forward,cross_slope,ht_w0.5,0,10.0,12.290688876226731,0.0,True,True,True,4.0,False,
cross_slope_rot0_forward,cross_slope,ht_w1,1,16.0,0.8206929109743366,0.0,True,False,False,0,False,1.0
cross_slope_rot0_forward,cross_slope,ht_w2,1,16.0,0.8206929109743366,0.0,True,False,False,0,False,1.0
cross_slope_rot0_forward,cross_slope,ht_w5,1,16.0,0.8206929109743366,0.0,True,False,False,0,False,1.0
cross_slope_rot0_reverse,cross_slope,baseline,0,10.0,12.290688876226731,0.0,True,True,True,4.0,False,
cross_slope_rot0_reverse,cross_slope,ht_w0,0,10.0,12.290688876226731,0.0,True,True,True,4.0,False,
cross_slope_rot0_reverse,cross_slope,ht_w0.5,0,10.0,12.290688876226731,0.0,True,True,True,4.0,False,
cross_slope_rot0_reverse,cross_slope,ht_w1,1,16.0,0.8206929109743366,0.0,True,False,False,0,False,1.0
cross_slope_rot0_reverse,cross_slope,ht_w2,1,16.0,0.8206929109743366,0.0,True,False,False,0,False,1.0
cross_slope_rot0_reverse,cross_slope,ht_w5,1,16.0,0.8206929109743366,0.0,True,False,False,0,False,1.0
cross_slope_rot1_forward,cross_slope,baseline,0,10.0,12.290688876226731,0.0,True,True,True,4.0,False,
cross_slope_rot1_forward,cross_slope,ht_w0,0,10.0,12.290688876226731,0.0,True,True,True,4.0,False,
cross_slope_rot1_forward,cross_slope,ht_w0.5,0,10.0,12.290688876226731,0.0,True,True,True,4.0,False,
cross_slope_rot1_forward,cross_slope,ht_w1,1,16.0,0.8206929109743366,0.0,True,False,False,0,False,1.0
cross_slope_rot1_forward,cross_slope,ht_w2,1,16.0,0.8206929109743366,0.0,True,False,False,0,False,1.0
cross_slope_rot1_forward,cross_slope,ht_w5,1,16.0,0.8206929109743366,0.0,True,False,False,0,False,1.0
cross_slope_rot1_reverse,cross_slope,baseline,0,10.0,12.290688876226731,0.0,True,True,True,4.0,False,
cross_slope_rot1_reverse,cross_slope,ht_w0,0,10.0,12.290688876226731,0.0,True,True,True,4.0,False,
cross_slope_rot1_reverse,cross_slope,ht_w0.5,0,10.0,12.290688876226731,0.0,True,True,True,4.0,False,
cross_slope_rot1_reverse,cross_slope,ht_w1,1,16.0,0.8206929109743366,0.0,True,False,False,0,False,1.0
cross_slope_rot1_reverse,cross_slope,ht_w2,1,16.0,0.8206929109743366,0.0,True,False,False,0,False,1.0
cross_slope_rot1_reverse,cross_slope,ht_w5,1,16.0,0.8206929109743366,0.0,True,False,False,0,False,1.0
cross_slope_rot2_forward,cross_slope,baseline,0,10.0,12.290688876226731,0.0,True,True,True,4.0,False,
cross_slope_rot2_forward,cross_slope,ht_w0,0,10.0,12.290688876226731,0.0,True,True,True,4.0,False,
cross_slope_rot2_forward,cross_slope,ht_w0.5,0,10.0,12.290688876226731,0.0,True,True,True,4.0,False,
cross_slope_rot2_forward,cross_slope,ht_w1,1,16.0,0.8206929109743366,0.0,True,False,False,0,False,1.0
cross_slope_rot2_forward,cross_slope,ht_w2,1,16.0,0.8206929109743366,0.0,True,False,False,0,False,1.0
cross_slope_rot2_forward,cross_slope,ht_w5,1,16.0,0.8206929109743366,0.0,True,False,False,0,False,1.0
cross_slope_rot2_reverse,cross_slope,baseline,0,10.0,12.290688876226731,0.0,True,True,True,4.0,False,
cross_slope_rot2_reverse,cross_slope,ht_w0,0,10.0,12.290688876226731,0.0,True,True,True,4.0,False,
cross_slope_rot2_reverse,cross_slope,ht_w0.5,0,10.0,12.290688876226731,0.0,True,True,True,4.0,False,
cross_slope_rot2_reverse,cross_slope,ht_w1,1,16.0,0.8206929109743366,0.0,True,False,False,0,False,1.0
cross_slope_rot2_reverse,cross_slope,ht_w2,1,16.0,0.8206929109743366,0.0,True,False,False,0,False,1.0
cross_slope_rot2_reverse,cross_slope,ht_w5,1,16.0,0.8206929109743366,0.0,True,False,False,0,False,1.0
cross_slope_rot3_forward,cross_slope,baseline,0,10.0,12.290688876226731,0.0,True,True,True,4.0,False,
cross_slope_rot3_forward,cross_slope,ht_w0,0,10.0,12.290688876226731,0.0,True,True,True,4.0,False,
cross_slope_rot3_forward,cross_slope,ht_w0.5,0,10.0,12.290688876226731,0.0,True,True,True,4.0,False,
cross_slope_rot3_forward,cross_slope,ht_w1,1,16.0,0.8206929109743366,0.0,True,False,False,0,False,1.0
cross_slope_rot3_forward,cross_slope,ht_w2,1,16.0,0.8206929109743366,0.0,True,False,False,0,False,1.0
cross_slope_rot3_forward,cross_slope,ht_w5,1,16.0,0.8206929109743366,0.0,True,False,False,0,False,1.0
cross_slope_rot3_reverse,cross_slope,baseline,0,10.0,12.290688876226731,0.0,True,True,True,4.0,False,
cross_slope_rot3_reverse,cross_slope,ht_w0,0,10.0,12.290688876226731,0.0,True,True,True,4.0,False,
cross_slope_rot3_reverse,cross_slope,ht_w0.5,0,10.0,12.290688876226731,0.0,True,True,True,4.0,False,
cross_slope_rot3_reverse,cross_slope,ht_w1,1,16.0,0.8206929109743366,0.0,True,False,False,0,False,1.0
cross_slope_rot3_reverse,cross_slope,ht_w2,1,16.0,0.8206929109743366,0.0,True,False,False,0,False,1.0
cross_slope_rot3_reverse,cross_slope,ht_w5,1,16.0,0.8206929109743366,0.0,True,False,False,0,False,1.0
cross_slope_rot4_forward,cross_slope,baseline,0,10.0,12.290688876226731,0.0,True,True,True,4.0,False,
cross_slope_rot4_forward,cross_slope,ht_w0,0,10.0,12.290688876226731,0.0,True,True,True,4.0,False,
cross_slope_rot4_forward,cross_slope,ht_w0.5,0,10.0,12.290688876226731,0.0,True,True,True,4.0,False,
cross_slope_rot4_forward,cross_slope,ht_w1,1,16.0,0.8206929109743366,0.0,True,False,False,0,False,1.0
cross_slope_rot4_forward,cross_slope,ht_w2,1,16.0,0.8206929109743366,0.0,True,False,False,0,False,1.0
cross_slope_rot4_forward,cross_slope,ht_w5,1,16.0,0.8206929109743366,0.0,True,False,False,0,False,1.0
cross_slope_rot4_reverse,cross_slope,baseline,0,10.0,12.290688876226731,0.0,True,True,True,4.0,False,
cross_slope_rot4_reverse,cross_slope,ht_w0,0,10.0,12.290688876226731,0.0,True,True,True,4.0,False,
cross_slope_rot4_reverse,cross_slope,ht_w0.5,0,10.0,12.290688876226731,0.0,True,True,True,4.0,False,
cross_slope_rot4_reverse,cross_slope,ht_w1,1,16.0,0.8206929109743366,0.0,True,False,False,0,False,1.0
cross_slope_rot4_reverse,cross_slope,ht_w2,1,16.0,0.8206929109743366,0.0,True,False,False,0,False,1.0
cross_slope_rot4_reverse,cross_slope,ht_w5,1,16.0,0.8206929109743366,0.0,True,False,False,0,False,1.0
cross_slope_rot5_forward,cross_slope,baseline,0,10.0,12.290688876226731,0.0,True,True,True,4.0,False,
cross_slope_rot5_forward,cross_slope,ht_w0,0,10.0,12.290688876226731,0.0,True,True,True,4.0,False,
cross_slope_rot5_forward,cross_slope,ht_w0.5,0,10.0,12.290688876226731,0.0,True,True,True,4.0,False,
cross_slope_rot5_forward,cross_slope,ht_w1,1,16.0,0.8206929109743366,0.0,True,False,False,0,False,1.0
cross_slope_rot5_forward,cross_slope,ht_w2,1,16.0,0.8206929109743366,0.0,True,False,False,0,False,1.0
cross_slope_rot5_forward,cross_slope,ht_w5,1,16.0,0.8206929109743366,0.0,True,False,False,0,False,1.0
cross_slope_rot5_reverse,cross_slope,baseline,0,10.0,12.290688876226731,0.0,True,True,True,4.0,False,
cross_slope_rot5_reverse,cross_slope,ht_w0,0,10.0,12.290688876226731,0.0,True,True,True,4.0,False,
cross_slope_rot5_reverse,cross_slope,ht_w0.5,0,10.0,12.290688876226731,0.0,True,True,True,4.0,False,
cross_slope_rot5_reverse,cross_slope,ht_w1,1,16.0,0.8206929109743366,0.0,True,False,False,0,False,1.0
cross_slope_rot5_reverse,cross_slope,ht_w2,1,16.0,0.8206929109743366,0.0,True,False,False,0,False,1.0
cross_slope_rot5_reverse,cross_slope,ht_w5,1,16.0,0.8206929109743366,0.0,True,False,False,0,False,1.0
cross_slope_rot6_forward,cross_slope,baseline,0,10.0,12.290688876226731,0.0,True,True,True,4.0,False,
cross_slope_rot6_forward,cross_slope,ht_w0,0,10.0,12.290688876226731,0.0,True,True,True,4.0,False,
cross_slope_rot6_forward,cross_slope,ht_w0.5,0,10.0,12.290688876226731,0.0,True,True,True,4.0,False,
cross_slope_rot6_forward,cross_slope,ht_w1,1,16.0,0.8206929109743366,0.0,True,False,False,0,False,1.0
cross_slope_rot6_forward,cross_slope,ht_w2,1,16.0,0.8206929109743366,0.0,True,False,False,0,False,1.0
cross_slope_rot6_forward,cross_slope,ht_w5,1,16.0,0.8206929109743366,0.0,True,False,False,0,False,1.0
cross_slope_rot6_reverse,cross_slope,baseline,0,10.0,12.290688876226731,0.0,True,True,True,4.0,False,
cross_slope_rot6_reverse,cross_slope,ht_w0,0,10.0,12.290688876226731,0.0,True,True,True,4.0,False,
cross_slope_rot6_reverse,cross_slope,ht_w0.5,0,10.0,12.290688876226731,0.0,True,True,True,4.0,False,
cross_slope_rot6_reverse,cross_slope,ht_w1,1,16.0,0.8206929109743366,0.0,True,False,False,0,False,1.0
cross_slope_rot6_reverse,cross_slope,ht_w2,1,16.0,0.8206929109743366,0.0,True,False,False,0,False,1.0
cross_slope_rot6_reverse,cross_slope,ht_w5,1,16.0,0.8206929109743366,0.0,True,False,False,0,False,1.0
cross_slope_rot7_forward,cross_slope,baseline,0,10.0,12.290688876226731,0.0,True,True,True,4.0,False,
cross_slope_rot7_forward,cross_slope,ht_w0,0,10.0,12.290688876226731,0.0,True,True,True,4.0,False,
cross_slope_rot7_forward,cross_slope,ht_w0.5,0,10.0,12.290688876226731,0.0,True,True,True,4.0,False,
cross_slope_rot7_forward,cross_slope,ht_w1,1,16.0,0.8206929109743366,0.0,True,False,False,0,False,1.0
cross_slope_rot7_forward,cross_slope,ht_w2,1,16.0,0.8206929109743366,0.0,True,False,False,0,False,1.0
cross_slope_rot7_forward,cross_slope,ht_w5,1,16.0,0.8206929109743366,0.0,True,False,False,0,False,1.0
cross_slope_rot7_reverse,cross_slope,baseline,0,10.0,12.290688876226731,0.0,True,True,True,4.0,False,
cross_slope_rot7_reverse,cross_slope,ht_w0,0,10.0,12.290688876226731,0.0,True,True,True,4.0,False,
cross_slope_rot7_reverse,cross_slope,ht_w0.5,0,10.0,12.290688876226731,0.0,True,True,True,4.0,False,
cross_slope_rot7_reverse,cross_slope,ht_w1,1,16.0,0.8206929109743366,0.0,True,False,False,0,False,1.0
cross_slope_rot7_reverse,cross_slope,ht_w2,1,16.0,0.8206929109743366,0.0,True,False,False,0,False,1.0
cross_slope_rot7_reverse,cross_slope,ht_w5,1,16.0,0.8206929109743366,0.0,True,False,False,0,False,1.0
high_step_rot0_forward,high_step,baseline,0,8.0,8.131805897175179,0.0,True,True,True,2.0,False,
high_step_rot0_forward,high_step,ht_w0,0,8.0,8.131805897175179,0.0,True,True,True,2.0,False,
high_step_rot0_forward,high_step,ht_w0.5,0,8.0,8.131805897175179,0.0,True,True,True,2.0,False,
high_step_rot0_forward,high_step,ht_w1,0,8.0,8.131805897175179,0.0,True,True,True,2.0,False,
high_step_rot0_forward,high_step,ht_w2,1,16.0,0.8206929109743366,0.0,True,False,False,0,False,1.0
high_step_rot0_forward,high_step,ht_w5,1,16.0,0.8206929109743366,0.0,True,False,False,0,False,1.0
high_step_rot0_reverse,high_step,baseline,0,8.0,8.131805897175179,0.0,True,True,True,2.0,False,
high_step_rot0_reverse,high_step,ht_w0,0,8.0,8.131805897175179,0.0,True,True,True,2.0,False,
high_step_rot0_reverse,high_step,ht_w0.5,0,8.0,8.131805897175179,0.0,True,True,True,2.0,False,
high_step_rot0_reverse,high_step,ht_w1,0,8.0,8.131805897175179,0.0,True,True,True,2.0,False,
high_step_rot0_reverse,high_step,ht_w2,1,16.0,0.8206929109743366,0.0,True,False,False,0,False,1.0
high_step_rot0_reverse,high_step,ht_w5,1,16.0,0.8206929109743366,0.0,True,False,False,0,False,1.0
high_step_rot1_forward,high_step,baseline,0,8.0,8.131805897175179,0.0,True,True,True,2.0,False,
high_step_rot1_forward,high_step,ht_w0,0,8.0,8.131805897175179,0.0,True,True,True,2.0,False,
high_step_rot1_forward,high_step,ht_w0.5,0,8.0,8.131805897175179,0.0,True,True,True,2.0,False,
high_step_rot1_forward,high_step,ht_w1,0,8.0,8.131805897175179,0.0,True,True,True,2.0,False,
high_step_rot1_forward,high_step,ht_w2,1,16.0,0.8206929109743366,0.0,True,False,False,0,False,1.0
high_step_rot1_forward,high_step,ht_w5,1,16.0,0.8206929109743366,0.0,True,False,False,0,False,1.0
high_step_rot1_reverse,high_step,baseline,0,8.0,8.131805897175179,0.0,True,True,True,2.0,False,
high_step_rot1_reverse,high_step,ht_w0,0,8.0,8.131805897175179,0.0,True,True,True,2.0,False,
high_step_rot1_reverse,high_step,ht_w0.5,0,8.0,8.131805897175179,0.0,True,True,True,2.0,False,
high_step_rot1_reverse,high_step,ht_w1,0,8.0,8.131805897175179,0.0,True,True,True,2.0,False,
high_step_rot1_reverse,high_step,ht_w2,1,16.0,0.8206929109743366,0.0,True,False,False,0,False,1.0
high_step_rot1_reverse,high_step,ht_w5,1,16.0,0.8206929109743366,0.0,True,False,False,0,False,1.0
high_step_rot2_forward,high_step,baseline,0,8.0,8.131805897175179,0.0,True,True,True,2.0,False,
high_step_rot2_forward,high_step,ht_w0,0,8.0,8.131805897175179,0.0,True,True,True,2.0,False,
high_step_rot2_forward,high_step,ht_w0.5,0,8.0,8.131805897175179,0.0,True,True,True,2.0,False,
high_step_rot2_forward,high_step,ht_w1,0,8.0,8.131805897175179,0.0,True,True,True,2.0,False,
high_step_rot2_forward,high_step,ht_w2,1,16.0,0.8206929109743366,0.0,True,False,False,0,False,1.0
high_step_rot2_forward,high_step,ht_w5,1,16.0,0.8206929109743366,0.0,True,False,False,0,False,1.0
high_step_rot2_reverse,high_step,baseline,0,8.0,8.131805897175179,0.0,True,True,True,2.0,False,
high_step_rot2_reverse,high_step,ht_w0,0,8.0,8.131805897175179,0.0,True,True,True,2.0,False,
high_step_rot2_reverse,high_step,ht_w0.5,0,8.0,8.131805897175179,0.0,True,True,True,2.0,False,
high_step_rot2_reverse,high_step,ht_w1,0,8.0,8.131805897175179,0.0,True,True,True,2.0,False,
high_step_rot2_reverse,high_step,ht_w2,1,16.0,0.8206929109743366,0.0,True,False,False,0,False,1.0
high_step_rot2_reverse,high_step,ht_w5,1,16.0,0.8206929109743366,0.0,True,False,False,0,False,1.0
high_step_rot3_forward,high_step,baseline,0,8.0,8.131805897175179,0.0,True,True,True,2.0,False,
high_step_rot3_forward,high_step,ht_w0,0,8.0,8.131805897175179,0.0,True,True,True,2.0,False,
high_step_rot3_forward,high_step,ht_w0.5,0,8.0,8.131805897175179,0.0,True,True,True,2.0,False,
high_step_rot3_forward,high_step,ht_w1,0,8.0,8.131805897175179,0.0,True,True,True,2.0,False,
high_step_rot3_forward,high_step,ht_w2,1,16.0,0.8206929109743366,0.0,True,False,False,0,False,1.0
high_step_rot3_forward,high_step,ht_w5,1,16.0,0.8206929109743366,0.0,True,False,False,0,False,1.0
high_step_rot3_reverse,high_step,baseline,0,8.0,8.131805897175179,0.0,True,True,True,2.0,False,
high_step_rot3_reverse,high_step,ht_w0,0,8.0,8.131805897175179,0.0,True,True,True,2.0,False,
high_step_rot3_reverse,high_step,ht_w0.5,0,8.0,8.131805897175179,0.0,True,True,True,2.0,False,
high_step_rot3_reverse,high_step,ht_w1,0,8.0,8.131805897175179,0.0,True,True,True,2.0,False,
high_step_rot3_reverse,high_step,ht_w2,1,16.0,0.8206929109743366,0.0,True,False,False,0,False,1.0
high_step_rot3_reverse,high_step,ht_w5,1,16.0,0.8206929109743366,0.0,True,False,False,0,False,1.0
high_step_rot4_forward,high_step,baseline,0,8.0,8.131805897175179,0.0,True,True,True,2.0,False,
high_step_rot4_forward,high_step,ht_w0,0,8.0,8.131805897175179,0.0,True,True,True,2.0,False,
high_step_rot4_forward,high_step,ht_w0.5,0,8.0,8.131805897175179,0.0,True,True,True,2.0,False,
high_step_rot4_forward,high_step,ht_w1,0,8.0,8.131805897175179,0.0,True,True,True,2.0,False,
high_step_rot4_forward,high_step,ht_w2,1,16.0,0.8206929109743366,0.0,True,False,False,0,False,1.0
high_step_rot4_forward,high_step,ht_w5,1,16.0,0.8206929109743366,0.0,True,False,False,0,False,1.0
high_step_rot4_reverse,high_step,baseline,0,8.0,8.131805897175179,0.0,True,True,True,2.0,False,
high_step_rot4_reverse,high_step,ht_w0,0,8.0,8.131805897175179,0.0,True,True,True,2.0,False,
high_step_rot4_reverse,high_step,ht_w0.5,0,8.0,8.131805897175179,0.0,True,True,True,2.0,False,
high_step_rot4_reverse,high_step,ht_w1,0,8.0,8.131805897175179,0.0,True,True,True,2.0,False,
high_step_rot4_reverse,high_step,ht_w2,1,16.0,0.8206929109743366,0.0,True,False,False,0,False,1.0
high_step_rot4_reverse,high_step,ht_w5,1,16.0,0.8206929109743366,0.0,True,False,False,0,False,1.0
high_step_rot5_forward,high_step,baseline,0,8.0,8.131805897175179,0.0,True,True,True,2.0,False,
high_step_rot5_forward,high_step,ht_w0,0,8.0,8.131805897175179,0.0,True,True,True,2.0,False,
high_step_rot5_forward,high_step,ht_w0.5,0,8.0,8.131805897175179,0.0,True,True,True,2.0,False,
high_step_rot5_forward,high_step,ht_w1,0,8.0,8.131805897175179,0.0,True,True,True,2.0,False,
high_step_rot5_forward,high_step,ht_w2,1,16.0,0.8206929109743366,0.0,True,False,False,0,False,1.0
high_step_rot5_forward,high_step,ht_w5,1,16.0,0.8206929109743366,0.0,True,False,False,0,False,1.0
high_step_rot5_reverse,high_step,baseline,0,8.0,8.131805897175179,0.0,True,True,True,2.0,False,
high_step_rot5_reverse,high_step,ht_w0,0,8.0,8.131805897175179,0.0,True,True,True,2.0,False,
high_step_rot5_reverse,high_step,ht_w0.5,0,8.0,8.131805897175179,0.0,True,True,True,2.0,False,
high_step_rot5_reverse,high_step,ht_w1,0,8.0,8.131805897175179,0.0,True,True,True,2.0,False,
high_step_rot5_reverse,high_step,ht_w2,1,16.0,0.8206929109743366,0.0,True,False,False,0,False,1.0
high_step_rot5_reverse,high_step,ht_w5,1,16.0,0.8206929109743366,0.0,True,False,False,0,False,1.0
high_step_rot6_forward,high_step,baseline,0,8.0,8.131805897175179,0.0,True,True,True,2.0,False,
high_step_rot6_forward,high_step,ht_w0,0,8.0,8.131805897175179,0.0,True,True,True,2.0,False,
high_step_rot6_forward,high_step,ht_w0.5,0,8.0,8.131805897175179,0.0,True,True,True,2.0,False,
high_step_rot6_forward,high_step,ht_w1,0,8.0,8.131805897175179,0.0,True,True,True,2.0,False,
high_step_rot6_forward,high_step,ht_w2,1,16.0,0.8206929109743366,0.0,True,False,False,0,False,1.0
high_step_rot6_forward,high_step,ht_w5,1,16.0,0.8206929109743366,0.0,True,False,False,0,False,1.0
high_step_rot6_reverse,high_step,baseline,0,8.0,8.131805897175179,0.0,True,True,True,2.0,False,
high_step_rot6_reverse,high_step,ht_w0,0,8.0,8.131805897175179,0.0,True,True,True,2.0,False,
high_step_rot6_reverse,high_step,ht_w0.5,0,8.0,8.131805897175179,0.0,True,True,True,2.0,False,
high_step_rot6_reverse,high_step,ht_w1,0,8.0,8.131805897175179,0.0,True,True,True,2.0,False,
high_step_rot6_reverse,high_step,ht_w2,1,16.0,0.8206929109743366,0.0,True,False,False,0,False,1.0
high_step_rot6_reverse,high_step,ht_w5,1,16.0,0.8206929109743366,0.0,True,False,False,0,False,1.0
high_step_rot7_forward,high_step,baseline,0,8.0,8.131805897175179,0.0,True,True,True,2.0,False,
high_step_rot7_forward,high_step,ht_w0,0,8.0,8.131805897175179,0.0,True,True,True,2.0,False,
high_step_rot7_forward,high_step,ht_w0.5,0,8.0,8.131805897175179,0.0,True,True,True,2.0,False,
high_step_rot7_forward,high_step,ht_w1,0,8.0,8.131805897175179,0.0,True,True,True,2.0,False,
high_step_rot7_forward,high_step,ht_w2,1,16.0,0.8206929109743366,0.0,True,False,False,0,False,1.0
high_step_rot7_forward,high_step,ht_w5,1,16.0,0.8206929109743366,0.0,True,False,False,0,False,1.0
high_step_rot7_reverse,high_step,baseline,0,8.0,8.131805897175179,0.0,True,True,True,2.0,False,
high_step_rot7_reverse,high_step,ht_w0,0,8.0,8.131805897175179,0.0,True,True,True,2.0,False,
high_step_rot7_reverse,high_step,ht_w0.5,0,8.0,8.131805897175179,0.0,True,True,True,2.0,False,
high_step_rot7_reverse,high_step,ht_w1,0,8.0,8.131805897175179,0.0,True,True,True,2.0,False,
high_step_rot7_reverse,high_step,ht_w2,1,16.0,0.8206929109743366,0.0,True,False,False,0,False,1.0
high_step_rot7_reverse,high_step,ht_w5,1,16.0,0.8206929109743366,0.0,True,False,False,0,False,1.0
rough_ground_rot0_forward,rough_ground,baseline,0,10.0,10.944799972316588,0.0,True,True,True,4.0,False,
rough_ground_rot0_forward,rough_ground,ht_w0,0,10.0,10.944799972316588,0.0,True,True,True,4.0,False,
rough_ground_rot0_forward,rough_ground,ht_w0.5,0,10.0,10.944799972316588,0.0,True,True,True,4.0,False,
rough_ground_rot0_forward,rough_ground,ht_w1,1,16.0,0.8206929109743366,0.0,True,False,False,0,False,1.0
rough_ground_rot0_forward,rough_ground,ht_w2,1,16.0,0.8206929109743366,0.0,True,False,False,0,False,1.0
rough_ground_rot0_forward,rough_ground,ht_w5,1,16.0,0.8206929109743366,0.0,True,False,False,0,False,1.0
rough_ground_rot0_reverse,rough_ground,baseline,0,10.0,10.944799972316588,0.0,True,True,True,4.0,False,
rough_ground_rot0_reverse,rough_ground,ht_w0,0,10.0,10.944799972316588,0.0,True,True,True,4.0,False,
rough_ground_rot0_reverse,rough_ground,ht_w0.5,0,10.0,10.944799972316588,0.0,True,True,True,4.0,False,
rough_ground_rot0_reverse,rough_ground,ht_w1,1,16.0,0.8206929109743366,0.0,True,False,False,0,False,1.0
rough_ground_rot0_reverse,rough_ground,ht_w2,1,16.0,0.8206929109743366,0.0,True,False,False,0,False,1.0
rough_ground_rot0_reverse,rough_ground,ht_w5,1,16.0,0.8206929109743366,0.0,True,False,False,0,False,1.0
rough_ground_rot1_forward,rough_ground,baseline,0,10.0,10.944799972316588,0.0,True,True,True,4.0,False,
rough_ground_rot1_forward,rough_ground,ht_w0,0,10.0,10.944799972316588,0.0,True,True,True,4.0,False,
rough_ground_rot1_forward,rough_ground,ht_w0.5,0,10.0,10.944799972316588,0.0,True,True,True,4.0,False,
rough_ground_rot1_forward,rough_ground,ht_w1,1,16.0,0.8206929109743366,0.0,True,False,False,0,False,1.0
rough_ground_rot1_forward,rough_ground,ht_w2,1,16.0,0.8206929109743366,0.0,True,False,False,0,False,1.0
rough_ground_rot1_forward,rough_ground,ht_w5,1,16.0,0.8206929109743366,0.0,True,False,False,0,False,1.0
rough_ground_rot1_reverse,rough_ground,baseline,0,10.0,10.944799972316588,0.0,True,True,True,4.0,False,
rough_ground_rot1_reverse,rough_ground,ht_w0,0,10.0,10.944799972316588,0.0,True,True,True,4.0,False,
rough_ground_rot1_reverse,rough_ground,ht_w0.5,0,10.0,10.944799972316588,0.0,True,True,True,4.0,False,
rough_ground_rot1_reverse,rough_ground,ht_w1,1,16.0,0.8206929109743366,0.0,True,False,False,0,False,1.0
rough_ground_rot1_reverse,rough_ground,ht_w2,1,16.0,0.8206929109743366,0.0,True,False,False,0,False,1.0
rough_ground_rot1_reverse,rough_ground,ht_w5,1,16.0,0.8206929109743366,0.0,True,False,False,0,False,1.0
rough_ground_rot2_forward,rough_ground,baseline,0,10.0,10.944799972316588,0.0,True,True,True,4.0,False,
rough_ground_rot2_forward,rough_ground,ht_w0,0,10.0,10.944799972316588,0.0,True,True,True,4.0,False,
rough_ground_rot2_forward,rough_ground,ht_w0.5,0,10.0,10.944799972316588,0.0,True,True,True,4.0,False,
rough_ground_rot2_forward,rough_ground,ht_w1,1,16.0,0.8206929109743366,0.0,True,False,False,0,False,1.0
rough_ground_rot2_forward,rough_ground,ht_w2,1,16.0,0.8206929109743366,0.0,True,False,False,0,False,1.0
rough_ground_rot2_forward,rough_ground,ht_w5,1,16.0,0.8206929109743366,0.0,True,False,False,0,False,1.0
rough_ground_rot2_reverse,rough_ground,baseline,0,10.0,10.944799972316588,0.0,True,True,True,4.0,False,
rough_ground_rot2_reverse,rough_ground,ht_w0,0,10.0,10.944799972316588,0.0,True,True,True,4.0,False,
rough_ground_rot2_reverse,rough_ground,ht_w0.5,0,10.0,10.944799972316588,0.0,True,True,True,4.0,False,
rough_ground_rot2_reverse,rough_ground,ht_w1,1,16.0,0.8206929109743366,0.0,True,False,False,0,False,1.0
rough_ground_rot2_reverse,rough_ground,ht_w2,1,16.0,0.8206929109743366,0.0,True,False,False,0,False,1.0
rough_ground_rot2_reverse,rough_ground,ht_w5,1,16.0,0.8206929109743366,0.0,True,False,False,0,False,1.0
rough_ground_rot3_forward,rough_ground,baseline,0,10.0,10.944799972316588,0.0,True,True,True,4.0,False,
rough_ground_rot3_forward,rough_ground,ht_w0,0,10.0,10.944799972316588,0.0,True,True,True,4.0,False,
rough_ground_rot3_forward,rough_ground,ht_w0.5,0,10.0,10.944799972316588,0.0,True,True,True,4.0,False,
rough_ground_rot3_forward,rough_ground,ht_w1,1,16.0,0.8206929109743366,0.0,True,False,False,0,False,1.0
rough_ground_rot3_forward,rough_ground,ht_w2,1,16.0,0.8206929109743366,0.0,True,False,False,0,False,1.0
rough_ground_rot3_forward,rough_ground,ht_w5,1,16.0,0.8206929109743366,0.0,True,False,False,0,False,1.0
rough_ground_rot3_reverse,rough_ground,baseline,0,10.0,10.944799972316588,0.0,True,True,True,4.0,False,
rough_ground_rot3_reverse,rough_ground,ht_w0,0,10.0,10.944799972316588,0.0,True,True,True,4.0,False,
rough_ground_rot3_reverse,rough_ground,ht_w0.5,0,10.0,10.944799972316588,0.0,True,True,True,4.0,False,
rough_ground_rot3_reverse,rough_ground,ht_w1,1,16.0,0.8206929109743366,0.0,True,False,False,0,False,1.0
rough_ground_rot3_reverse,rough_ground,ht_w2,1,16.0,0.8206929109743366,0.0,True,False,False,0,False,1.0
rough_ground_rot3_reverse,rough_ground,ht_w5,1,16.0,0.8206929109743366,0.0,True,False,False,0,False,1.0
rough_ground_rot4_forward,rough_ground,baseline,0,10.0,10.944799972316588,0.0,True,True,True,4.0,False,
rough_ground_rot4_forward,rough_ground,ht_w0,0,10.0,10.944799972316588,0.0,True,True,True,4.0,False,
rough_ground_rot4_forward,rough_ground,ht_w0.5,0,10.0,10.944799972316588,0.0,True,True,True,4.0,False,
rough_ground_rot4_forward,rough_ground,ht_w1,1,16.0,0.8206929109743366,0.0,True,False,False,0,False,1.0
rough_ground_rot4_forward,rough_ground,ht_w2,1,16.0,0.8206929109743366,0.0,True,False,False,0,False,1.0
rough_ground_rot4_forward,rough_ground,ht_w5,1,16.0,0.8206929109743366,0.0,True,False,False,0,False,1.0
rough_ground_rot4_reverse,rough_ground,baseline,0,10.0,10.944799972316588,0.0,True,True,True,4.0,False,
rough_ground_rot4_reverse,rough_ground,ht_w0,0,10.0,10.944799972316588,0.0,True,True,True,4.0,False,
rough_ground_rot4_reverse,rough_ground,ht_w0.5,0,10.0,10.944799972316588,0.0,True,True,True,4.0,False,
rough_ground_rot4_reverse,rough_ground,ht_w1,1,16.0,0.8206929109743366,0.0,True,False,False,0,False,1.0
rough_ground_rot4_reverse,rough_ground,ht_w2,1,16.0,0.8206929109743366,0.0,True,False,False,0,False,1.0
rough_ground_rot4_reverse,rough_ground,ht_w5,1,16.0,0.8206929109743366,0.0,True,False,False,0,False,1.0
rough_ground_rot5_forward,rough_ground,baseline,0,10.0,10.944799972316588,0.0,True,True,True,4.0,False,
rough_ground_rot5_forward,rough_ground,ht_w0,0,10.0,10.944799972316588,0.0,True,True,True,4.0,False,
rough_ground_rot5_forward,rough_ground,ht_w0.5,0,10.0,10.944799972316588,0.0,True,True,True,4.0,False,
rough_ground_rot5_forward,rough_ground,ht_w1,1,16.0,0.8206929109743366,0.0,True,False,False,0,False,1.0
rough_ground_rot5_forward,rough_ground,ht_w2,1,16.0,0.8206929109743366,0.0,True,False,False,0,False,1.0
rough_ground_rot5_forward,rough_ground,ht_w5,1,16.0,0.8206929109743366,0.0,True,False,False,0,False,1.0
rough_ground_rot5_reverse,rough_ground,baseline,0,10.0,10.944799972316588,0.0,True,True,True,4.0,False,
rough_ground_rot5_reverse,rough_ground,ht_w0,0,10.0,10.944799972316588,0.0,True,True,True,4.0,False,
rough_ground_rot5_reverse,rough_ground,ht_w0.5,0,10.0,10.944799972316588,0.0,True,True,True,4.0,False,
rough_ground_rot5_reverse,rough_ground,ht_w1,1,16.0,0.8206929109743366,0.0,True,False,False,0,False,1.0
rough_ground_rot5_reverse,rough_ground,ht_w2,1,16.0,0.8206929109743366,0.0,True,False,False,0,False,1.0
rough_ground_rot5_reverse,rough_ground,ht_w5,1,16.0,0.8206929109743366,0.0,True,False,False,0,False,1.0
rough_ground_rot6_forward,rough_ground,baseline,0,10.0,10.944799972316588,0.0,True,True,True,4.0,False,
rough_ground_rot6_forward,rough_ground,ht_w0,0,10.0,10.944799972316588,0.0,True,True,True,4.0,False,
rough_ground_rot6_forward,rough_ground,ht_w0.5,0,10.0,10.944799972316588,0.0,True,True,True,4.0,False,
rough_ground_rot6_forward,rough_ground,ht_w1,1,16.0,0.8206929109743366,0.0,True,False,False,0,False,1.0
rough_ground_rot6_forward,rough_ground,ht_w2,1,16.0,0.8206929109743366,0.0,True,False,False,0,False,1.0
rough_ground_rot6_forward,rough_ground,ht_w5,1,16.0,0.8206929109743366,0.0,True,False,False,0,False,1.0
rough_ground_rot6_reverse,rough_ground,baseline,0,10.0,10.944799972316588,0.0,True,True,True,4.0,False,
rough_ground_rot6_reverse,rough_ground,ht_w0,0,10.0,10.944799972316588,0.0,True,True,True,4.0,False,
rough_ground_rot6_reverse,rough_ground,ht_w0.5,0,10.0,10.944799972316588,0.0,True,True,True,4.0,False,
rough_ground_rot6_reverse,rough_ground,ht_w1,1,16.0,0.8206929109743366,0.0,True,False,False,0,False,1.0
rough_ground_rot6_reverse,rough_ground,ht_w2,1,16.0,0.8206929109743366,0.0,True,False,False,0,False,1.0
rough_ground_rot6_reverse,rough_ground,ht_w5,1,16.0,0.8206929109743366,0.0,True,False,False,0,False,1.0
rough_ground_rot7_forward,rough_ground,baseline,0,10.0,10.944799972316588,0.0,True,True,True,4.0,False,
rough_ground_rot7_forward,rough_ground,ht_w0,0,10.0,10.944799972316588,0.0,True,True,True,4.0,False,
rough_ground_rot7_forward,rough_ground,ht_w0.5,0,10.0,10.944799972316588,0.0,True,True,True,4.0,False,
rough_ground_rot7_forward,rough_ground,ht_w1,1,16.0,0.8206929109743366,0.0,True,False,False,0,False,1.0
rough_ground_rot7_forward,rough_ground,ht_w2,1,16.0,0.8206929109743366,0.0,True,False,False,0,False,1.0
rough_ground_rot7_forward,rough_ground,ht_w5,1,16.0,0.8206929109743366,0.0,True,False,False,0,False,1.0
rough_ground_rot7_reverse,rough_ground,baseline,0,10.0,10.944799972316588,0.0,True,True,True,4.0,False,
rough_ground_rot7_reverse,rough_ground,ht_w0,0,10.0,10.944799972316588,0.0,True,True,True,4.0,False,
rough_ground_rot7_reverse,rough_ground,ht_w0.5,0,10.0,10.944799972316588,0.0,True,True,True,4.0,False,
rough_ground_rot7_reverse,rough_ground,ht_w1,1,16.0,0.8206929109743366,0.0,True,False,False,0,False,1.0
rough_ground_rot7_reverse,rough_ground,ht_w2,1,16.0,0.8206929109743366,0.0,True,False,False,0,False,1.0
rough_ground_rot7_reverse,rough_ground,ht_w5,1,16.0,0.8206929109743366,0.0,True,False,False,0,False,1.0
unknown_patch_rot0_forward,unknown_patch,baseline,0,10.0,0.30775984161538184,4.000000000000003,True,False,False,0,False,1.0
unknown_patch_rot0_forward,unknown_patch,ht_w0,1,16.0,0.8206929109743366,0.0,True,False,False,0,False,1.6
unknown_patch_rot0_forward,unknown_patch,ht_w0.5,1,16.0,0.8206929109743366,0.0,True,False,False,0,False,1.6
unknown_patch_rot0_forward,unknown_patch,ht_w1,1,16.0,0.8206929109743366,0.0,True,False,False,0,False,1.6
unknown_patch_rot0_forward,unknown_patch,ht_w2,1,16.0,0.8206929109743366,0.0,True,False,False,0,False,1.6
unknown_patch_rot0_forward,unknown_patch,ht_w5,0,10.0,0.30775984161538184,4.000000000000003,False,False,False,0.0,True,
unknown_patch_rot0_reverse,unknown_patch,baseline,0,10.0,0.30775984161538184,4.000000000000003,True,False,False,0,False,1.0
unknown_patch_rot0_reverse,unknown_patch,ht_w0,1,16.0,0.8206929109743366,0.0,True,False,False,0,False,1.6
unknown_patch_rot0_reverse,unknown_patch,ht_w0.5,1,16.0,0.8206929109743366,0.0,True,False,False,0,False,1.6
unknown_patch_rot0_reverse,unknown_patch,ht_w1,1,16.0,0.8206929109743366,0.0,True,False,False,0,False,1.6
unknown_patch_rot0_reverse,unknown_patch,ht_w2,1,16.0,0.8206929109743366,0.0,True,False,False,0,False,1.6
unknown_patch_rot0_reverse,unknown_patch,ht_w5,0,10.0,0.30775984161538184,4.000000000000003,False,False,False,0.0,True,
unknown_patch_rot1_forward,unknown_patch,baseline,0,10.0,0.30775984161538184,4.000000000000003,True,False,False,0,False,1.0
unknown_patch_rot1_forward,unknown_patch,ht_w0,1,16.0,0.8206929109743366,0.0,True,False,False,0,False,1.6
unknown_patch_rot1_forward,unknown_patch,ht_w0.5,1,16.0,0.8206929109743366,0.0,True,False,False,0,False,1.6
unknown_patch_rot1_forward,unknown_patch,ht_w1,1,16.0,0.8206929109743366,0.0,True,False,False,0,False,1.6
unknown_patch_rot1_forward,unknown_patch,ht_w2,1,16.0,0.8206929109743366,0.0,True,False,False,0,False,1.6
unknown_patch_rot1_forward,unknown_patch,ht_w5,0,10.0,0.30775984161538184,4.000000000000003,False,False,False,0.0,True,
unknown_patch_rot1_reverse,unknown_patch,baseline,0,10.0,0.30775984161538184,4.000000000000003,True,False,False,0,False,1.0
unknown_patch_rot1_reverse,unknown_patch,ht_w0,1,16.0,0.8206929109743366,0.0,True,False,False,0,False,1.6
unknown_patch_rot1_reverse,unknown_patch,ht_w0.5,1,16.0,0.8206929109743366,0.0,True,False,False,0,False,1.6
unknown_patch_rot1_reverse,unknown_patch,ht_w1,1,16.0,0.8206929109743366,0.0,True,False,False,0,False,1.6
unknown_patch_rot1_reverse,unknown_patch,ht_w2,1,16.0,0.8206929109743366,0.0,True,False,False,0,False,1.6
unknown_patch_rot1_reverse,unknown_patch,ht_w5,0,10.0,0.30775984161538184,4.000000000000003,False,False,False,0.0,True,
unknown_patch_rot2_forward,unknown_patch,baseline,0,10.0,0.30775984161538184,4.000000000000003,True,False,False,0,False,1.0
unknown_patch_rot2_forward,unknown_patch,ht_w0,1,16.0,0.8206929109743366,0.0,True,False,False,0,False,1.6
unknown_patch_rot2_forward,unknown_patch,ht_w0.5,1,16.0,0.8206929109743366,0.0,True,False,False,0,False,1.6
unknown_patch_rot2_forward,unknown_patch,ht_w1,1,16.0,0.8206929109743366,0.0,True,False,False,0,False,1.6
unknown_patch_rot2_forward,unknown_patch,ht_w2,1,16.0,0.8206929109743366,0.0,True,False,False,0,False,1.6
unknown_patch_rot2_forward,unknown_patch,ht_w5,0,10.0,0.30775984161538184,4.000000000000003,False,False,False,0.0,True,
unknown_patch_rot2_reverse,unknown_patch,baseline,0,10.0,0.30775984161538184,4.000000000000003,True,False,False,0,False,1.0
unknown_patch_rot2_reverse,unknown_patch,ht_w0,1,16.0,0.8206929109743366,0.0,True,False,False,0,False,1.6
unknown_patch_rot2_reverse,unknown_patch,ht_w0.5,1,16.0,0.8206929109743366,0.0,True,False,False,0,False,1.6
unknown_patch_rot2_reverse,unknown_patch,ht_w1,1,16.0,0.8206929109743366,0.0,True,False,False,0,False,1.6
unknown_patch_rot2_reverse,unknown_patch,ht_w2,1,16.0,0.8206929109743366,0.0,True,False,False,0,False,1.6
unknown_patch_rot2_reverse,unknown_patch,ht_w5,0,10.0,0.30775984161538184,4.000000000000003,False,False,False,0.0,True,
unknown_patch_rot3_forward,unknown_patch,baseline,0,10.0,0.30775984161538184,4.000000000000003,True,False,False,0,False,1.0
unknown_patch_rot3_forward,unknown_patch,ht_w0,1,16.0,0.8206929109743366,0.0,True,False,False,0,False,1.6
unknown_patch_rot3_forward,unknown_patch,ht_w0.5,1,16.0,0.8206929109743366,0.0,True,False,False,0,False,1.6
unknown_patch_rot3_forward,unknown_patch,ht_w1,1,16.0,0.8206929109743366,0.0,True,False,False,0,False,1.6
unknown_patch_rot3_forward,unknown_patch,ht_w2,1,16.0,0.8206929109743366,0.0,True,False,False,0,False,1.6
unknown_patch_rot3_forward,unknown_patch,ht_w5,0,10.0,0.30775984161538184,4.000000000000003,False,False,False,0.0,True,
unknown_patch_rot3_reverse,unknown_patch,baseline,0,10.0,0.30775984161538184,4.000000000000003,True,False,False,0,False,1.0
unknown_patch_rot3_reverse,unknown_patch,ht_w0,1,16.0,0.8206929109743366,0.0,True,False,False,0,False,1.6
unknown_patch_rot3_reverse,unknown_patch,ht_w0.5,1,16.0,0.8206929109743366,0.0,True,False,False,0,False,1.6
unknown_patch_rot3_reverse,unknown_patch,ht_w1,1,16.0,0.8206929109743366,0.0,True,False,False,0,False,1.6
unknown_patch_rot3_reverse,unknown_patch,ht_w2,1,16.0,0.8206929109743366,0.0,True,False,False,0,False,1.6
unknown_patch_rot3_reverse,unknown_patch,ht_w5,0,10.0,0.30775984161538184,4.000000000000003,False,False,False,0.0,True,
unknown_patch_rot4_forward,unknown_patch,baseline,0,10.0,0.30775984161538184,4.000000000000003,True,False,False,0,False,1.0
unknown_patch_rot4_forward,unknown_patch,ht_w0,1,16.0,0.8206929109743366,0.0,True,False,False,0,False,1.6
unknown_patch_rot4_forward,unknown_patch,ht_w0.5,1,16.0,0.8206929109743366,0.0,True,False,False,0,False,1.6
unknown_patch_rot4_forward,unknown_patch,ht_w1,1,16.0,0.8206929109743366,0.0,True,False,False,0,False,1.6
unknown_patch_rot4_forward,unknown_patch,ht_w2,1,16.0,0.8206929109743366,0.0,True,False,False,0,False,1.6
unknown_patch_rot4_forward,unknown_patch,ht_w5,0,10.0,0.30775984161538184,4.000000000000003,False,False,False,0.0,True,
unknown_patch_rot4_reverse,unknown_patch,baseline,0,10.0,0.30775984161538184,4.000000000000003,True,False,False,0,False,1.0
unknown_patch_rot4_reverse,unknown_patch,ht_w0,1,16.0,0.8206929109743366,0.0,True,False,False,0,False,1.6
unknown_patch_rot4_reverse,unknown_patch,ht_w0.5,1,16.0,0.8206929109743366,0.0,True,False,False,0,False,1.6
unknown_patch_rot4_reverse,unknown_patch,ht_w1,1,16.0,0.8206929109743366,0.0,True,False,False,0,False,1.6
unknown_patch_rot4_reverse,unknown_patch,ht_w2,1,16.0,0.8206929109743366,0.0,True,False,False,0,False,1.6
unknown_patch_rot4_reverse,unknown_patch,ht_w5,0,10.0,0.30775984161538184,4.000000000000003,False,False,False,0.0,True,
unknown_patch_rot5_forward,unknown_patch,baseline,0,10.0,0.30775984161538184,4.000000000000003,True,False,False,0,False,1.0
unknown_patch_rot5_forward,unknown_patch,ht_w0,1,16.0,0.8206929109743366,0.0,True,False,False,0,False,1.6
unknown_patch_rot5_forward,unknown_patch,ht_w0.5,1,16.0,0.8206929109743366,0.0,True,False,False,0,False,1.6
unknown_patch_rot5_forward,unknown_patch,ht_w1,1,16.0,0.8206929109743366,0.0,True,False,False,0,False,1.6
unknown_patch_rot5_forward,unknown_patch,ht_w2,1,16.0,0.8206929109743366,0.0,True,False,False,0,False,1.6
unknown_patch_rot5_forward,unknown_patch,ht_w5,0,10.0,0.30775984161538184,4.000000000000003,False,False,False,0.0,True,
unknown_patch_rot5_reverse,unknown_patch,baseline,0,10.0,0.30775984161538184,4.000000000000003,True,False,False,0,False,1.0
unknown_patch_rot5_reverse,unknown_patch,ht_w0,1,16.0,0.8206929109743366,0.0,True,False,False,0,False,1.6
unknown_patch_rot5_reverse,unknown_patch,ht_w0.5,1,16.0,0.8206929109743366,0.0,True,False,False,0,False,1.6
unknown_patch_rot5_reverse,unknown_patch,ht_w1,1,16.0,0.8206929109743366,0.0,True,False,False,0,False,1.6
unknown_patch_rot5_reverse,unknown_patch,ht_w2,1,16.0,0.8206929109743366,0.0,True,False,False,0,False,1.6
unknown_patch_rot5_reverse,unknown_patch,ht_w5,0,10.0,0.30775984161538184,4.000000000000003,False,False,False,0.0,True,
unknown_patch_rot6_forward,unknown_patch,baseline,0,10.0,0.30775984161538184,4.000000000000003,True,False,False,0,False,1.0
unknown_patch_rot6_forward,unknown_patch,ht_w0,1,16.0,0.8206929109743366,0.0,True,False,False,0,False,1.6
unknown_patch_rot6_forward,unknown_patch,ht_w0.5,1,16.0,0.8206929109743366,0.0,True,False,False,0,False,1.6
unknown_patch_rot6_forward,unknown_patch,ht_w1,1,16.0,0.8206929109743366,0.0,True,False,False,0,False,1.6
unknown_patch_rot6_forward,unknown_patch,ht_w2,1,16.0,0.8206929109743366,0.0,True,False,False,0,False,1.6
unknown_patch_rot6_forward,unknown_patch,ht_w5,0,10.0,0.30775984161538184,4.000000000000003,False,False,False,0.0,True,
unknown_patch_rot6_reverse,unknown_patch,baseline,0,10.0,0.30775984161538184,4.000000000000003,True,False,False,0,False,1.0
unknown_patch_rot6_reverse,unknown_patch,ht_w0,1,16.0,0.8206929109743366,0.0,True,False,False,0,False,1.6
unknown_patch_rot6_reverse,unknown_patch,ht_w0.5,1,16.0,0.8206929109743366,0.0,True,False,False,0,False,1.6
unknown_patch_rot6_reverse,unknown_patch,ht_w1,1,16.0,0.8206929109743366,0.0,True,False,False,0,False,1.6
unknown_patch_rot6_reverse,unknown_patch,ht_w2,1,16.0,0.8206929109743366,0.0,True,False,False,0,False,1.6
unknown_patch_rot6_reverse,unknown_patch,ht_w5,0,10.0,0.30775984161538184,4.000000000000003,False,False,False,0.0,True,
unknown_patch_rot7_forward,unknown_patch,baseline,0,10.0,0.30775984161538184,4.000000000000003,True,False,False,0,False,1.0
unknown_patch_rot7_forward,unknown_patch,ht_w0,1,16.0,0.8206929109743366,0.0,True,False,False,0,False,1.6
unknown_patch_rot7_forward,unknown_patch,ht_w0.5,1,16.0,0.8206929109743366,0.0,True,False,False,0,False,1.6
unknown_patch_rot7_forward,unknown_patch,ht_w1,1,16.0,0.8206929109743366,0.0,True,False,False,0,False,1.6
unknown_patch_rot7_forward,unknown_patch,ht_w2,1,16.0,0.8206929109743366,0.0,True,False,False,0,False,1.6
unknown_patch_rot7_forward,unknown_patch,ht_w5,0,10.0,0.30775984161538184,4.000000000000003,False,False,False,0.0,True,
unknown_patch_rot7_reverse,unknown_patch,baseline,0,10.0,0.30775984161538184,4.000000000000003,True,False,False,0,False,1.0
unknown_patch_rot7_reverse,unknown_patch,ht_w0,1,16.0,0.8206929109743366,0.0,True,False,False,0,False,1.6
unknown_patch_rot7_reverse,unknown_patch,ht_w0.5,1,16.0,0.8206929109743366,0.0,True,False,False,0,False,1.6
unknown_patch_rot7_reverse,unknown_patch,ht_w1,1,16.0,0.8206929109743366,0.0,True,False,False,0,False,1.6
unknown_patch_rot7_reverse,unknown_patch,ht_w2,1,16.0,0.8206929109743366,0.0,True,False,False,0,False,1.6
unknown_patch_rot7_reverse,unknown_patch,ht_w5,0,10.0,0.30775984161538184,4.000000000000003,False,False,False,0.0,True,
danger_only_rot0_forward,danger_only,baseline,0,10.618802153517006,21.578129917207843,0.0,True,True,True,4.618802153517006,False,
danger_only_rot0_forward,danger_only,ht_w0,0,10.618802153517006,21.578129917207843,0.0,True,True,True,4.618802153517006,False,
danger_only_rot0_forward,danger_only,ht_w0.5,0,10.618802153517006,21.578129917207843,0.0,True,True,True,4.618802153517006,False,
danger_only_rot0_forward,danger_only,ht_w1,0,10.618802153517006,21.578129917207843,0.0,True,True,True,4.618802153517006,False,
danger_only_rot0_forward,danger_only,ht_w2,0,10.618802153517006,21.578129917207843,0.0,True,True,True,4.618802153517006,False,
danger_only_rot0_forward,danger_only,ht_w5,0,10.618802153517006,21.578129917207843,0.0,True,True,True,4.618802153517006,False,
danger_only_rot0_reverse,danger_only,baseline,0,10.618802153517006,21.578129917207843,0.0,True,True,True,4.618802153517006,False,
danger_only_rot0_reverse,danger_only,ht_w0,0,10.618802153517006,21.578129917207843,0.0,True,True,True,4.618802153517006,False,
danger_only_rot0_reverse,danger_only,ht_w0.5,0,10.618802153517006,21.578129917207843,0.0,True,True,True,4.618802153517006,False,
danger_only_rot0_reverse,danger_only,ht_w1,0,10.618802153517006,21.578129917207843,0.0,True,True,True,4.618802153517006,False,
danger_only_rot0_reverse,danger_only,ht_w2,0,10.618802153517006,21.578129917207843,0.0,True,True,True,4.618802153517006,False,
danger_only_rot0_reverse,danger_only,ht_w5,0,10.618802153517006,21.578129917207843,0.0,True,True,True,4.618802153517006,False,
danger_only_rot1_forward,danger_only,baseline,0,10.618802153517006,21.578129917207843,0.0,True,True,True,4.618802153517006,False,
danger_only_rot1_forward,danger_only,ht_w0,0,10.618802153517006,21.578129917207843,0.0,True,True,True,4.618802153517006,False,
danger_only_rot1_forward,danger_only,ht_w0.5,0,10.618802153517006,21.578129917207843,0.0,True,True,True,4.618802153517006,False,
danger_only_rot1_forward,danger_only,ht_w1,0,10.618802153517006,21.578129917207843,0.0,True,True,True,4.618802153517006,False,
danger_only_rot1_forward,danger_only,ht_w2,0,10.618802153517006,21.578129917207843,0.0,True,True,True,4.618802153517006,False,
danger_only_rot1_forward,danger_only,ht_w5,0,10.618802153517006,21.578129917207843,0.0,True,True,True,4.618802153517006,False,
danger_only_rot1_reverse,danger_only,baseline,0,10.618802153517006,21.578129917207843,0.0,True,True,True,4.618802153517006,False,
danger_only_rot1_reverse,danger_only,ht_w0,0,10.618802153517006,21.578129917207843,0.0,True,True,True,4.618802153517006,False,
danger_only_rot1_reverse,danger_only,ht_w0.5,0,10.618802153517006,21.578129917207843,0.0,True,True,True,4.618802153517006,False,
danger_only_rot1_reverse,danger_only,ht_w1,0,10.618802153517006,21.578129917207843,0.0,True,True,True,4.618802153517006,False,
danger_only_rot1_reverse,danger_only,ht_w2,0,10.618802153517006,21.578129917207843,0.0,True,True,True,4.618802153517006,False,
danger_only_rot1_reverse,danger_only,ht_w5,0,10.618802153517006,21.578129917207843,0.0,True,True,True,4.618802153517006,False,
danger_only_rot2_forward,danger_only,baseline,0,10.618802153517006,21.578129917207843,0.0,True,True,True,4.618802153517006,False,
danger_only_rot2_forward,danger_only,ht_w0,0,10.618802153517006,21.578129917207843,0.0,True,True,True,4.618802153517006,False,
danger_only_rot2_forward,danger_only,ht_w0.5,0,10.618802153517006,21.578129917207843,0.0,True,True,True,4.618802153517006,False,
danger_only_rot2_forward,danger_only,ht_w1,0,10.618802153517006,21.578129917207843,0.0,True,True,True,4.618802153517006,False,
danger_only_rot2_forward,danger_only,ht_w2,0,10.618802153517006,21.578129917207843,0.0,True,True,True,4.618802153517006,False,
danger_only_rot2_forward,danger_only,ht_w5,0,10.618802153517006,21.578129917207843,0.0,True,True,True,4.618802153517006,False,
danger_only_rot2_reverse,danger_only,baseline,0,10.618802153517006,21.578129917207843,0.0,True,True,True,4.618802153517006,False,
danger_only_rot2_reverse,danger_only,ht_w0,0,10.618802153517006,21.578129917207843,0.0,True,True,True,4.618802153517006,False,
danger_only_rot2_reverse,danger_only,ht_w0.5,0,10.618802153517006,21.578129917207843,0.0,True,True,True,4.618802153517006,False,
danger_only_rot2_reverse,danger_only,ht_w1,0,10.618802153517006,21.578129917207843,0.0,True,True,True,4.618802153517006,False,
danger_only_rot2_reverse,danger_only,ht_w2,0,10.618802153517006,21.578129917207843,0.0,True,True,True,4.618802153517006,False,
danger_only_rot2_reverse,danger_only,ht_w5,0,10.618802153517006,21.578129917207843,0.0,True,True,True,4.618802153517006,False,
danger_only_rot3_forward,danger_only,baseline,0,10.618802153517006,21.578129917207843,0.0,True,True,True,4.618802153517006,False,
danger_only_rot3_forward,danger_only,ht_w0,0,10.618802153517006,21.578129917207843,0.0,True,True,True,4.618802153517006,False,
danger_only_rot3_forward,danger_only,ht_w0.5,0,10.618802153517006,21.578129917207843,0.0,True,True,True,4.618802153517006,False,
danger_only_rot3_forward,danger_only,ht_w1,0,10.618802153517006,21.578129917207843,0.0,True,True,True,4.618802153517006,False,
danger_only_rot3_forward,danger_only,ht_w2,0,10.618802153517006,21.578129917207843,0.0,True,True,True,4.618802153517006,False,
danger_only_rot3_forward,danger_only,ht_w5,0,10.618802153517006,21.578129917207843,0.0,True,True,True,4.618802153517006,False,
danger_only_rot3_reverse,danger_only,baseline,0,10.618802153517006,21.578129917207843,0.0,True,True,True,4.618802153517006,False,
danger_only_rot3_reverse,danger_only,ht_w0,0,10.618802153517006,21.578129917207843,0.0,True,True,True,4.618802153517006,False,
danger_only_rot3_reverse,danger_only,ht_w0.5,0,10.618802153517006,21.578129917207843,0.0,True,True,True,4.618802153517006,False,
danger_only_rot3_reverse,danger_only,ht_w1,0,10.618802153517006,21.578129917207843,0.0,True,True,True,4.618802153517006,False,
danger_only_rot3_reverse,danger_only,ht_w2,0,10.618802153517006,21.578129917207843,0.0,True,True,True,4.618802153517006,False,
danger_only_rot3_reverse,danger_only,ht_w5,0,10.618802153517006,21.578129917207843,0.0,True,True,True,4.618802153517006,False,
danger_only_rot4_forward,danger_only,baseline,0,10.618802153517006,21.578129917207843,0.0,True,True,True,4.618802153517006,False,
danger_only_rot4_forward,danger_only,ht_w0,0,10.618802153517006,21.578129917207843,0.0,True,True,True,4.618802153517006,False,
danger_only_rot4_forward,danger_only,ht_w0.5,0,10.618802153517006,21.578129917207843,0.0,True,True,True,4.618802153517006,False,
danger_only_rot4_forward,danger_only,ht_w1,0,10.618802153517006,21.578129917207843,0.0,True,True,True,4.618802153517006,False,
danger_only_rot4_forward,danger_only,ht_w2,0,10.618802153517006,21.578129917207843,0.0,True,True,True,4.618802153517006,False,
danger_only_rot4_forward,danger_only,ht_w5,0,10.618802153517006,21.578129917207843,0.0,True,True,True,4.618802153517006,False,
danger_only_rot4_reverse,danger_only,baseline,0,10.618802153517006,21.578129917207843,0.0,True,True,True,4.618802153517006,False,
danger_only_rot4_reverse,danger_only,ht_w0,0,10.618802153517006,21.578129917207843,0.0,True,True,True,4.618802153517006,False,
danger_only_rot4_reverse,danger_only,ht_w0.5,0,10.618802153517006,21.578129917207843,0.0,True,True,True,4.618802153517006,False,
danger_only_rot4_reverse,danger_only,ht_w1,0,10.618802153517006,21.578129917207843,0.0,True,True,True,4.618802153517006,False,
danger_only_rot4_reverse,danger_only,ht_w2,0,10.618802153517006,21.578129917207843,0.0,True,True,True,4.618802153517006,False,
danger_only_rot4_reverse,danger_only,ht_w5,0,10.618802153517006,21.578129917207843,0.0,True,True,True,4.618802153517006,False,
danger_only_rot5_forward,danger_only,baseline,0,10.618802153517006,21.578129917207843,0.0,True,True,True,4.618802153517006,False,
danger_only_rot5_forward,danger_only,ht_w0,0,10.618802153517006,21.578129917207843,0.0,True,True,True,4.618802153517006,False,
danger_only_rot5_forward,danger_only,ht_w0.5,0,10.618802153517006,21.578129917207843,0.0,True,True,True,4.618802153517006,False,
danger_only_rot5_forward,danger_only,ht_w1,0,10.618802153517006,21.578129917207843,0.0,True,True,True,4.618802153517006,False,
danger_only_rot5_forward,danger_only,ht_w2,0,10.618802153517006,21.578129917207843,0.0,True,True,True,4.618802153517006,False,
danger_only_rot5_forward,danger_only,ht_w5,0,10.618802153517006,21.578129917207843,0.0,True,True,True,4.618802153517006,False,
danger_only_rot5_reverse,danger_only,baseline,0,10.618802153517006,21.578129917207843,0.0,True,True,True,4.618802153517006,False,
danger_only_rot5_reverse,danger_only,ht_w0,0,10.618802153517006,21.578129917207843,0.0,True,True,True,4.618802153517006,False,
danger_only_rot5_reverse,danger_only,ht_w0.5,0,10.618802153517006,21.578129917207843,0.0,True,True,True,4.618802153517006,False,
danger_only_rot5_reverse,danger_only,ht_w1,0,10.618802153517006,21.578129917207843,0.0,True,True,True,4.618802153517006,False,
danger_only_rot5_reverse,danger_only,ht_w2,0,10.618802153517006,21.578129917207843,0.0,True,True,True,4.618802153517006,False,
danger_only_rot5_reverse,danger_only,ht_w5,0,10.618802153517006,21.578129917207843,0.0,True,True,True,4.618802153517006,False,
danger_only_rot6_forward,danger_only,baseline,0,10.618802153517006,21.578129917207843,0.0,True,True,True,4.618802153517006,False,
danger_only_rot6_forward,danger_only,ht_w0,0,10.618802153517006,21.578129917207843,0.0,True,True,True,4.618802153517006,False,
danger_only_rot6_forward,danger_only,ht_w0.5,0,10.618802153517006,21.578129917207843,0.0,True,True,True,4.618802153517006,False,
danger_only_rot6_forward,danger_only,ht_w1,0,10.618802153517006,21.578129917207843,0.0,True,True,True,4.618802153517006,False,
danger_only_rot6_forward,danger_only,ht_w2,0,10.618802153517006,21.578129917207843,0.0,True,True,True,4.618802153517006,False,
danger_only_rot6_forward,danger_only,ht_w5,0,10.618802153517006,21.578129917207843,0.0,True,True,True,4.618802153517006,False,
danger_only_rot6_reverse,danger_only,baseline,0,10.618802153517006,21.578129917207843,0.0,True,True,True,4.618802153517006,False,
danger_only_rot6_reverse,danger_only,ht_w0,0,10.618802153517006,21.578129917207843,0.0,True,True,True,4.618802153517006,False,
danger_only_rot6_reverse,danger_only,ht_w0.5,0,10.618802153517006,21.578129917207843,0.0,True,True,True,4.618802153517006,False,
danger_only_rot6_reverse,danger_only,ht_w1,0,10.618802153517006,21.578129917207843,0.0,True,True,True,4.618802153517006,False,
danger_only_rot6_reverse,danger_only,ht_w2,0,10.618802153517006,21.578129917207843,0.0,True,True,True,4.618802153517006,False,
danger_only_rot6_reverse,danger_only,ht_w5,0,10.618802153517006,21.578129917207843,0.0,True,True,True,4.618802153517006,False,
danger_only_rot7_forward,danger_only,baseline,0,10.618802153517006,21.578129917207843,0.0,True,True,True,4.618802153517006,False,
danger_only_rot7_forward,danger_only,ht_w0,0,10.618802153517006,21.578129917207843,0.0,True,True,True,4.618802153517006,False,
danger_only_rot7_forward,danger_only,ht_w0.5,0,10.618802153517006,21.578129917207843,0.0,True,True,True,4.618802153517006,False,
danger_only_rot7_forward,danger_only,ht_w1,0,10.618802153517006,21.578129917207843,0.0,True,True,True,4.618802153517006,False,
danger_only_rot7_forward,danger_only,ht_w2,0,10.618802153517006,21.578129917207843,0.0,True,True,True,4.618802153517006,False,
danger_only_rot7_forward,danger_only,ht_w5,0,10.618802153517006,21.578129917207843,0.0,True,True,True,4.618802153517006,False,
danger_only_rot7_reverse,danger_only,baseline,0,10.618802153517006,21.578129917207843,0.0,True,True,True,4.618802153517006,False,
danger_only_rot7_reverse,danger_only,ht_w0,0,10.618802153517006,21.578129917207843,0.0,True,True,True,4.618802153517006,False,
danger_only_rot7_reverse,danger_only,ht_w0.5,0,10.618802153517006,21.578129917207843,0.0,True,True,True,4.618802153517006,False,
danger_only_rot7_reverse,danger_only,ht_w1,0,10.618802153517006,21.578129917207843,0.0,True,True,True,4.618802153517006,False,
danger_only_rot7_reverse,danger_only,ht_w2,0,10.618802153517006,21.578129917207843,0.0,True,True,True,4.618802153517006,False,
danger_only_rot7_reverse,danger_only,ht_w5,0,10.618802153517006,21.578129917207843,0.0,True,True,True,4.618802153517006,False,
false_safe_input_rot0_forward,false_safe_input,baseline,0,10.0,0.5129330693589698,0.0,True,True,True,4.0,False,
false_safe_input_rot0_forward,false_safe_input,ht_w0,0,10.0,0.5129330693589698,0.0,True,True,True,4.0,False,
false_safe_input_rot0_forward,false_safe_input,ht_w0.5,0,10.0,0.5129330693589698,0.0,True,True,True,4.0,False,
false_safe_input_rot0_forward,false_safe_input,ht_w1,0,10.0,0.5129330693589698,0.0,True,True,True,4.0,False,
false_safe_input_rot0_forward,false_safe_input,ht_w2,0,10.0,0.5129330693589698,0.0,True,True,True,4.0,False,
false_safe_input_rot0_forward,false_safe_input,ht_w5,0,10.0,0.5129330693589698,0.0,True,True,True,4.0,False,
false_safe_input_rot0_reverse,false_safe_input,baseline,0,10.0,0.5129330693589698,0.0,True,True,True,4.0,False,
false_safe_input_rot0_reverse,false_safe_input,ht_w0,0,10.0,0.5129330693589698,0.0,True,True,True,4.0,False,
false_safe_input_rot0_reverse,false_safe_input,ht_w0.5,0,10.0,0.5129330693589698,0.0,True,True,True,4.0,False,
false_safe_input_rot0_reverse,false_safe_input,ht_w1,0,10.0,0.5129330693589698,0.0,True,True,True,4.0,False,
false_safe_input_rot0_reverse,false_safe_input,ht_w2,0,10.0,0.5129330693589698,0.0,True,True,True,4.0,False,
false_safe_input_rot0_reverse,false_safe_input,ht_w5,0,10.0,0.5129330693589698,0.0,True,True,True,4.0,False,
false_safe_input_rot1_forward,false_safe_input,baseline,0,10.0,0.5129330693589698,0.0,True,True,True,4.0,False,
false_safe_input_rot1_forward,false_safe_input,ht_w0,0,10.0,0.5129330693589698,0.0,True,True,True,4.0,False,
false_safe_input_rot1_forward,false_safe_input,ht_w0.5,0,10.0,0.5129330693589698,0.0,True,True,True,4.0,False,
false_safe_input_rot1_forward,false_safe_input,ht_w1,0,10.0,0.5129330693589698,0.0,True,True,True,4.0,False,
false_safe_input_rot1_forward,false_safe_input,ht_w2,0,10.0,0.5129330693589698,0.0,True,True,True,4.0,False,
false_safe_input_rot1_forward,false_safe_input,ht_w5,0,10.0,0.5129330693589698,0.0,True,True,True,4.0,False,
false_safe_input_rot1_reverse,false_safe_input,baseline,0,10.0,0.5129330693589698,0.0,True,True,True,4.0,False,
false_safe_input_rot1_reverse,false_safe_input,ht_w0,0,10.0,0.5129330693589698,0.0,True,True,True,4.0,False,
false_safe_input_rot1_reverse,false_safe_input,ht_w0.5,0,10.0,0.5129330693589698,0.0,True,True,True,4.0,False,
false_safe_input_rot1_reverse,false_safe_input,ht_w1,0,10.0,0.5129330693589698,0.0,True,True,True,4.0,False,
false_safe_input_rot1_reverse,false_safe_input,ht_w2,0,10.0,0.5129330693589698,0.0,True,True,True,4.0,False,
false_safe_input_rot1_reverse,false_safe_input,ht_w5,0,10.0,0.5129330693589698,0.0,True,True,True,4.0,False,
false_safe_input_rot2_forward,false_safe_input,baseline,0,10.0,0.5129330693589698,0.0,True,True,True,4.0,False,
false_safe_input_rot2_forward,false_safe_input,ht_w0,0,10.0,0.5129330693589698,0.0,True,True,True,4.0,False,
false_safe_input_rot2_forward,false_safe_input,ht_w0.5,0,10.0,0.5129330693589698,0.0,True,True,True,4.0,False,
false_safe_input_rot2_forward,false_safe_input,ht_w1,0,10.0,0.5129330693589698,0.0,True,True,True,4.0,False,
false_safe_input_rot2_forward,false_safe_input,ht_w2,0,10.0,0.5129330693589698,0.0,True,True,True,4.0,False,
false_safe_input_rot2_forward,false_safe_input,ht_w5,0,10.0,0.5129330693589698,0.0,True,True,True,4.0,False,
false_safe_input_rot2_reverse,false_safe_input,baseline,0,10.0,0.5129330693589698,0.0,True,True,True,4.0,False,
false_safe_input_rot2_reverse,false_safe_input,ht_w0,0,10.0,0.5129330693589698,0.0,True,True,True,4.0,False,
false_safe_input_rot2_reverse,false_safe_input,ht_w0.5,0,10.0,0.5129330693589698,0.0,True,True,True,4.0,False,
false_safe_input_rot2_reverse,false_safe_input,ht_w1,0,10.0,0.5129330693589698,0.0,True,True,True,4.0,False,
false_safe_input_rot2_reverse,false_safe_input,ht_w2,0,10.0,0.5129330693589698,0.0,True,True,True,4.0,False,
false_safe_input_rot2_reverse,false_safe_input,ht_w5,0,10.0,0.5129330693589698,0.0,True,True,True,4.0,False,
false_safe_input_rot3_forward,false_safe_input,baseline,0,10.0,0.5129330693589698,0.0,True,True,True,4.0,False,
false_safe_input_rot3_forward,false_safe_input,ht_w0,0,10.0,0.5129330693589698,0.0,True,True,True,4.0,False,
false_safe_input_rot3_forward,false_safe_input,ht_w0.5,0,10.0,0.5129330693589698,0.0,True,True,True,4.0,False,
false_safe_input_rot3_forward,false_safe_input,ht_w1,0,10.0,0.5129330693589698,0.0,True,True,True,4.0,False,
false_safe_input_rot3_forward,false_safe_input,ht_w2,0,10.0,0.5129330693589698,0.0,True,True,True,4.0,False,
false_safe_input_rot3_forward,false_safe_input,ht_w5,0,10.0,0.5129330693589698,0.0,True,True,True,4.0,False,
false_safe_input_rot3_reverse,false_safe_input,baseline,0,10.0,0.5129330693589698,0.0,True,True,True,4.0,False,
false_safe_input_rot3_reverse,false_safe_input,ht_w0,0,10.0,0.5129330693589698,0.0,True,True,True,4.0,False,
false_safe_input_rot3_reverse,false_safe_input,ht_w0.5,0,10.0,0.5129330693589698,0.0,True,True,True,4.0,False,
false_safe_input_rot3_reverse,false_safe_input,ht_w1,0,10.0,0.5129330693589698,0.0,True,True,True,4.0,False,
false_safe_input_rot3_reverse,false_safe_input,ht_w2,0,10.0,0.5129330693589698,0.0,True,True,True,4.0,False,
false_safe_input_rot3_reverse,false_safe_input,ht_w5,0,10.0,0.5129330693589698,0.0,True,True,True,4.0,False,
false_safe_input_rot4_forward,false_safe_input,baseline,0,10.0,0.5129330693589698,0.0,True,True,True,4.0,False,
false_safe_input_rot4_forward,false_safe_input,ht_w0,0,10.0,0.5129330693589698,0.0,True,True,True,4.0,False,
false_safe_input_rot4_forward,false_safe_input,ht_w0.5,0,10.0,0.5129330693589698,0.0,True,True,True,4.0,False,
false_safe_input_rot4_forward,false_safe_input,ht_w1,0,10.0,0.5129330693589698,0.0,True,True,True,4.0,False,
false_safe_input_rot4_forward,false_safe_input,ht_w2,0,10.0,0.5129330693589698,0.0,True,True,True,4.0,False,
false_safe_input_rot4_forward,false_safe_input,ht_w5,0,10.0,0.5129330693589698,0.0,True,True,True,4.0,False,
false_safe_input_rot4_reverse,false_safe_input,baseline,0,10.0,0.5129330693589698,0.0,True,True,True,4.0,False,
false_safe_input_rot4_reverse,false_safe_input,ht_w0,0,10.0,0.5129330693589698,0.0,True,True,True,4.0,False,
false_safe_input_rot4_reverse,false_safe_input,ht_w0.5,0,10.0,0.5129330693589698,0.0,True,True,True,4.0,False,
false_safe_input_rot4_reverse,false_safe_input,ht_w1,0,10.0,0.5129330693589698,0.0,True,True,True,4.0,False,
false_safe_input_rot4_reverse,false_safe_input,ht_w2,0,10.0,0.5129330693589698,0.0,True,True,True,4.0,False,
false_safe_input_rot4_reverse,false_safe_input,ht_w5,0,10.0,0.5129330693589698,0.0,True,True,True,4.0,False,
false_safe_input_rot5_forward,false_safe_input,baseline,0,10.0,0.5129330693589698,0.0,True,True,True,4.0,False,
false_safe_input_rot5_forward,false_safe_input,ht_w0,0,10.0,0.5129330693589698,0.0,True,True,True,4.0,False,
false_safe_input_rot5_forward,false_safe_input,ht_w0.5,0,10.0,0.5129330693589698,0.0,True,True,True,4.0,False,
false_safe_input_rot5_forward,false_safe_input,ht_w1,0,10.0,0.5129330693589698,0.0,True,True,True,4.0,False,
false_safe_input_rot5_forward,false_safe_input,ht_w2,0,10.0,0.5129330693589698,0.0,True,True,True,4.0,False,
false_safe_input_rot5_forward,false_safe_input,ht_w5,0,10.0,0.5129330693589698,0.0,True,True,True,4.0,False,
false_safe_input_rot5_reverse,false_safe_input,baseline,0,10.0,0.5129330693589698,0.0,True,True,True,4.0,False,
false_safe_input_rot5_reverse,false_safe_input,ht_w0,0,10.0,0.5129330693589698,0.0,True,True,True,4.0,False,
false_safe_input_rot5_reverse,false_safe_input,ht_w0.5,0,10.0,0.5129330693589698,0.0,True,True,True,4.0,False,
false_safe_input_rot5_reverse,false_safe_input,ht_w1,0,10.0,0.5129330693589698,0.0,True,True,True,4.0,False,
false_safe_input_rot5_reverse,false_safe_input,ht_w2,0,10.0,0.5129330693589698,0.0,True,True,True,4.0,False,
false_safe_input_rot5_reverse,false_safe_input,ht_w5,0,10.0,0.5129330693589698,0.0,True,True,True,4.0,False,
false_safe_input_rot6_forward,false_safe_input,baseline,0,10.0,0.5129330693589698,0.0,True,True,True,4.0,False,
false_safe_input_rot6_forward,false_safe_input,ht_w0,0,10.0,0.5129330693589698,0.0,True,True,True,4.0,False,
false_safe_input_rot6_forward,false_safe_input,ht_w0.5,0,10.0,0.5129330693589698,0.0,True,True,True,4.0,False,
false_safe_input_rot6_forward,false_safe_input,ht_w1,0,10.0,0.5129330693589698,0.0,True,True,True,4.0,False,
false_safe_input_rot6_forward,false_safe_input,ht_w2,0,10.0,0.5129330693589698,0.0,True,True,True,4.0,False,
false_safe_input_rot6_forward,false_safe_input,ht_w5,0,10.0,0.5129330693589698,0.0,True,True,True,4.0,False,
false_safe_input_rot6_reverse,false_safe_input,baseline,0,10.0,0.5129330693589698,0.0,True,True,True,4.0,False,
false_safe_input_rot6_reverse,false_safe_input,ht_w0,0,10.0,0.5129330693589698,0.0,True,True,True,4.0,False,
false_safe_input_rot6_reverse,false_safe_input,ht_w0.5,0,10.0,0.5129330693589698,0.0,True,True,True,4.0,False,
false_safe_input_rot6_reverse,false_safe_input,ht_w1,0,10.0,0.5129330693589698,0.0,True,True,True,4.0,False,
false_safe_input_rot6_reverse,false_safe_input,ht_w2,0,10.0,0.5129330693589698,0.0,True,True,True,4.0,False,
false_safe_input_rot6_reverse,false_safe_input,ht_w5,0,10.0,0.5129330693589698,0.0,True,True,True,4.0,False,
false_safe_input_rot7_forward,false_safe_input,baseline,0,10.0,0.5129330693589698,0.0,True,True,True,4.0,False,
false_safe_input_rot7_forward,false_safe_input,ht_w0,0,10.0,0.5129330693589698,0.0,True,True,True,4.0,False,
false_safe_input_rot7_forward,false_safe_input,ht_w0.5,0,10.0,0.5129330693589698,0.0,True,True,True,4.0,False,
false_safe_input_rot7_forward,false_safe_input,ht_w1,0,10.0,0.5129330693589698,0.0,True,True,True,4.0,False,
false_safe_input_rot7_forward,false_safe_input,ht_w2,0,10.0,0.5129330693589698,0.0,True,True,True,4.0,False,
false_safe_input_rot7_forward,false_safe_input,ht_w5,0,10.0,0.5129330693589698,0.0,True,True,True,4.0,False,
false_safe_input_rot7_reverse,false_safe_input,baseline,0,10.0,0.5129330693589698,0.0,True,True,True,4.0,False,
false_safe_input_rot7_reverse,false_safe_input,ht_w0,0,10.0,0.5129330693589698,0.0,True,True,True,4.0,False,
false_safe_input_rot7_reverse,false_safe_input,ht_w0.5,0,10.0,0.5129330693589698,0.0,True,True,True,4.0,False,
false_safe_input_rot7_reverse,false_safe_input,ht_w1,0,10.0,0.5129330693589698,0.0,True,True,True,4.0,False,
false_safe_input_rot7_reverse,false_safe_input,ht_w2,0,10.0,0.5129330693589698,0.0,True,True,True,4.0,False,
false_safe_input_rot7_reverse,false_safe_input,ht_w5,0,10.0,0.5129330693589698,0.0,True,True,True,4.0,False,
false_alarm_input_rot0_forward,false_alarm_input,baseline,0,10.0,14.333991520302327,0.0,True,False,False,0,False,1.0
false_alarm_input_rot0_forward,false_alarm_input,ht_w0,0,10.0,14.333991520302327,0.0,True,False,False,0,False,1.0
false_alarm_input_rot0_forward,false_alarm_input,ht_w0.5,1,16.0,0.8206929109743366,0.0,True,False,False,0,False,1.6
false_alarm_input_rot0_forward,false_alarm_input,ht_w1,1,16.0,0.8206929109743366,0.0,True,False,False,0,False,1.6
false_alarm_input_rot0_forward,false_alarm_input,ht_w2,1,16.0,0.8206929109743366,0.0,True,False,False,0,False,1.6
false_alarm_input_rot0_forward,false_alarm_input,ht_w5,1,16.0,0.8206929109743366,0.0,True,False,False,0,False,1.6
false_alarm_input_rot0_reverse,false_alarm_input,baseline,0,10.0,14.333991520302327,0.0,True,False,False,0,False,1.0
false_alarm_input_rot0_reverse,false_alarm_input,ht_w0,0,10.0,14.333991520302327,0.0,True,False,False,0,False,1.0
false_alarm_input_rot0_reverse,false_alarm_input,ht_w0.5,1,16.0,0.8206929109743366,0.0,True,False,False,0,False,1.6
false_alarm_input_rot0_reverse,false_alarm_input,ht_w1,1,16.0,0.8206929109743366,0.0,True,False,False,0,False,1.6
false_alarm_input_rot0_reverse,false_alarm_input,ht_w2,1,16.0,0.8206929109743366,0.0,True,False,False,0,False,1.6
false_alarm_input_rot0_reverse,false_alarm_input,ht_w5,1,16.0,0.8206929109743366,0.0,True,False,False,0,False,1.6
false_alarm_input_rot1_forward,false_alarm_input,baseline,0,10.0,14.333991520302327,0.0,True,False,False,0,False,1.0
false_alarm_input_rot1_forward,false_alarm_input,ht_w0,0,10.0,14.333991520302327,0.0,True,False,False,0,False,1.0
false_alarm_input_rot1_forward,false_alarm_input,ht_w0.5,1,16.0,0.8206929109743366,0.0,True,False,False,0,False,1.6
false_alarm_input_rot1_forward,false_alarm_input,ht_w1,1,16.0,0.8206929109743366,0.0,True,False,False,0,False,1.6
false_alarm_input_rot1_forward,false_alarm_input,ht_w2,1,16.0,0.8206929109743366,0.0,True,False,False,0,False,1.6
false_alarm_input_rot1_forward,false_alarm_input,ht_w5,1,16.0,0.8206929109743366,0.0,True,False,False,0,False,1.6
false_alarm_input_rot1_reverse,false_alarm_input,baseline,0,10.0,14.333991520302327,0.0,True,False,False,0,False,1.0
false_alarm_input_rot1_reverse,false_alarm_input,ht_w0,0,10.0,14.333991520302327,0.0,True,False,False,0,False,1.0
false_alarm_input_rot1_reverse,false_alarm_input,ht_w0.5,1,16.0,0.8206929109743366,0.0,True,False,False,0,False,1.6
false_alarm_input_rot1_reverse,false_alarm_input,ht_w1,1,16.0,0.8206929109743366,0.0,True,False,False,0,False,1.6
false_alarm_input_rot1_reverse,false_alarm_input,ht_w2,1,16.0,0.8206929109743366,0.0,True,False,False,0,False,1.6
false_alarm_input_rot1_reverse,false_alarm_input,ht_w5,1,16.0,0.8206929109743366,0.0,True,False,False,0,False,1.6
false_alarm_input_rot2_forward,false_alarm_input,baseline,0,10.0,14.333991520302327,0.0,True,False,False,0,False,1.0
false_alarm_input_rot2_forward,false_alarm_input,ht_w0,0,10.0,14.333991520302327,0.0,True,False,False,0,False,1.0
false_alarm_input_rot2_forward,false_alarm_input,ht_w0.5,1,16.0,0.8206929109743366,0.0,True,False,False,0,False,1.6
false_alarm_input_rot2_forward,false_alarm_input,ht_w1,1,16.0,0.8206929109743366,0.0,True,False,False,0,False,1.6
false_alarm_input_rot2_forward,false_alarm_input,ht_w2,1,16.0,0.8206929109743366,0.0,True,False,False,0,False,1.6
false_alarm_input_rot2_forward,false_alarm_input,ht_w5,1,16.0,0.8206929109743366,0.0,True,False,False,0,False,1.6
false_alarm_input_rot2_reverse,false_alarm_input,baseline,0,10.0,14.333991520302327,0.0,True,False,False,0,False,1.0
false_alarm_input_rot2_reverse,false_alarm_input,ht_w0,0,10.0,14.333991520302327,0.0,True,False,False,0,False,1.0
false_alarm_input_rot2_reverse,false_alarm_input,ht_w0.5,1,16.0,0.8206929109743366,0.0,True,False,False,0,False,1.6
false_alarm_input_rot2_reverse,false_alarm_input,ht_w1,1,16.0,0.8206929109743366,0.0,True,False,False,0,False,1.6
false_alarm_input_rot2_reverse,false_alarm_input,ht_w2,1,16.0,0.8206929109743366,0.0,True,False,False,0,False,1.6
false_alarm_input_rot2_reverse,false_alarm_input,ht_w5,1,16.0,0.8206929109743366,0.0,True,False,False,0,False,1.6
false_alarm_input_rot3_forward,false_alarm_input,baseline,0,10.0,14.333991520302327,0.0,True,False,False,0,False,1.0
false_alarm_input_rot3_forward,false_alarm_input,ht_w0,0,10.0,14.333991520302327,0.0,True,False,False,0,False,1.0
false_alarm_input_rot3_forward,false_alarm_input,ht_w0.5,1,16.0,0.8206929109743366,0.0,True,False,False,0,False,1.6
false_alarm_input_rot3_forward,false_alarm_input,ht_w1,1,16.0,0.8206929109743366,0.0,True,False,False,0,False,1.6
false_alarm_input_rot3_forward,false_alarm_input,ht_w2,1,16.0,0.8206929109743366,0.0,True,False,False,0,False,1.6
false_alarm_input_rot3_forward,false_alarm_input,ht_w5,1,16.0,0.8206929109743366,0.0,True,False,False,0,False,1.6
false_alarm_input_rot3_reverse,false_alarm_input,baseline,0,10.0,14.333991520302327,0.0,True,False,False,0,False,1.0
false_alarm_input_rot3_reverse,false_alarm_input,ht_w0,0,10.0,14.333991520302327,0.0,True,False,False,0,False,1.0
false_alarm_input_rot3_reverse,false_alarm_input,ht_w0.5,1,16.0,0.8206929109743366,0.0,True,False,False,0,False,1.6
false_alarm_input_rot3_reverse,false_alarm_input,ht_w1,1,16.0,0.8206929109743366,0.0,True,False,False,0,False,1.6
false_alarm_input_rot3_reverse,false_alarm_input,ht_w2,1,16.0,0.8206929109743366,0.0,True,False,False,0,False,1.6
false_alarm_input_rot3_reverse,false_alarm_input,ht_w5,1,16.0,0.8206929109743366,0.0,True,False,False,0,False,1.6
false_alarm_input_rot4_forward,false_alarm_input,baseline,0,10.0,14.333991520302327,0.0,True,False,False,0,False,1.0
false_alarm_input_rot4_forward,false_alarm_input,ht_w0,0,10.0,14.333991520302327,0.0,True,False,False,0,False,1.0
false_alarm_input_rot4_forward,false_alarm_input,ht_w0.5,1,16.0,0.8206929109743366,0.0,True,False,False,0,False,1.6
false_alarm_input_rot4_forward,false_alarm_input,ht_w1,1,16.0,0.8206929109743366,0.0,True,False,False,0,False,1.6
false_alarm_input_rot4_forward,false_alarm_input,ht_w2,1,16.0,0.8206929109743366,0.0,True,False,False,0,False,1.6
false_alarm_input_rot4_forward,false_alarm_input,ht_w5,1,16.0,0.8206929109743366,0.0,True,False,False,0,False,1.6
false_alarm_input_rot4_reverse,false_alarm_input,baseline,0,10.0,14.333991520302327,0.0,True,False,False,0,False,1.0
false_alarm_input_rot4_reverse,false_alarm_input,ht_w0,0,10.0,14.333991520302327,0.0,True,False,False,0,False,1.0
false_alarm_input_rot4_reverse,false_alarm_input,ht_w0.5,1,16.0,0.8206929109743366,0.0,True,False,False,0,False,1.6
false_alarm_input_rot4_reverse,false_alarm_input,ht_w1,1,16.0,0.8206929109743366,0.0,True,False,False,0,False,1.6
false_alarm_input_rot4_reverse,false_alarm_input,ht_w2,1,16.0,0.8206929109743366,0.0,True,False,False,0,False,1.6
false_alarm_input_rot4_reverse,false_alarm_input,ht_w5,1,16.0,0.8206929109743366,0.0,True,False,False,0,False,1.6
false_alarm_input_rot5_forward,false_alarm_input,baseline,0,10.0,14.333991520302327,0.0,True,False,False,0,False,1.0
false_alarm_input_rot5_forward,false_alarm_input,ht_w0,0,10.0,14.333991520302327,0.0,True,False,False,0,False,1.0
false_alarm_input_rot5_forward,false_alarm_input,ht_w0.5,1,16.0,0.8206929109743366,0.0,True,False,False,0,False,1.6
false_alarm_input_rot5_forward,false_alarm_input,ht_w1,1,16.0,0.8206929109743366,0.0,True,False,False,0,False,1.6
false_alarm_input_rot5_forward,false_alarm_input,ht_w2,1,16.0,0.8206929109743366,0.0,True,False,False,0,False,1.6
false_alarm_input_rot5_forward,false_alarm_input,ht_w5,1,16.0,0.8206929109743366,0.0,True,False,False,0,False,1.6
false_alarm_input_rot5_reverse,false_alarm_input,baseline,0,10.0,14.333991520302327,0.0,True,False,False,0,False,1.0
false_alarm_input_rot5_reverse,false_alarm_input,ht_w0,0,10.0,14.333991520302327,0.0,True,False,False,0,False,1.0
false_alarm_input_rot5_reverse,false_alarm_input,ht_w0.5,1,16.0,0.8206929109743366,0.0,True,False,False,0,False,1.6
false_alarm_input_rot5_reverse,false_alarm_input,ht_w1,1,16.0,0.8206929109743366,0.0,True,False,False,0,False,1.6
false_alarm_input_rot5_reverse,false_alarm_input,ht_w2,1,16.0,0.8206929109743366,0.0,True,False,False,0,False,1.6
false_alarm_input_rot5_reverse,false_alarm_input,ht_w5,1,16.0,0.8206929109743366,0.0,True,False,False,0,False,1.6
false_alarm_input_rot6_forward,false_alarm_input,baseline,0,10.0,14.333991520302327,0.0,True,False,False,0,False,1.0
false_alarm_input_rot6_forward,false_alarm_input,ht_w0,0,10.0,14.333991520302327,0.0,True,False,False,0,False,1.0
false_alarm_input_rot6_forward,false_alarm_input,ht_w0.5,1,16.0,0.8206929109743366,0.0,True,False,False,0,False,1.6
false_alarm_input_rot6_forward,false_alarm_input,ht_w1,1,16.0,0.8206929109743366,0.0,True,False,False,0,False,1.6
false_alarm_input_rot6_forward,false_alarm_input,ht_w2,1,16.0,0.8206929109743366,0.0,True,False,False,0,False,1.6
false_alarm_input_rot6_forward,false_alarm_input,ht_w5,1,16.0,0.8206929109743366,0.0,True,False,False,0,False,1.6
false_alarm_input_rot6_reverse,false_alarm_input,baseline,0,10.0,14.333991520302327,0.0,True,False,False,0,False,1.0
false_alarm_input_rot6_reverse,false_alarm_input,ht_w0,0,10.0,14.333991520302327,0.0,True,False,False,0,False,1.0
false_alarm_input_rot6_reverse,false_alarm_input,ht_w0.5,1,16.0,0.8206929109743366,0.0,True,False,False,0,False,1.6
false_alarm_input_rot6_reverse,false_alarm_input,ht_w1,1,16.0,0.8206929109743366,0.0,True,False,False,0,False,1.6
false_alarm_input_rot6_reverse,false_alarm_input,ht_w2,1,16.0,0.8206929109743366,0.0,True,False,False,0,False,1.6
false_alarm_input_rot6_reverse,false_alarm_input,ht_w5,1,16.0,0.8206929109743366,0.0,True,False,False,0,False,1.6
false_alarm_input_rot7_forward,false_alarm_input,baseline,0,10.0,14.333991520302327,0.0,True,False,False,0,False,1.0
false_alarm_input_rot7_forward,false_alarm_input,ht_w0,0,10.0,14.333991520302327,0.0,True,False,False,0,False,1.0
false_alarm_input_rot7_forward,false_alarm_input,ht_w0.5,1,16.0,0.8206929109743366,0.0,True,False,False,0,False,1.6
false_alarm_input_rot7_forward,false_alarm_input,ht_w1,1,16.0,0.8206929109743366,0.0,True,False,False,0,False,1.6
false_alarm_input_rot7_forward,false_alarm_input,ht_w2,1,16.0,0.8206929109743366,0.0,True,False,False,0,False,1.6
false_alarm_input_rot7_forward,false_alarm_input,ht_w5,1,16.0,0.8206929109743366,0.0,True,False,False,0,False,1.6
false_alarm_input_rot7_reverse,false_alarm_input,baseline,0,10.0,14.333991520302327,0.0,True,False,False,0,False,1.0
false_alarm_input_rot7_reverse,false_alarm_input,ht_w0,0,10.0,14.333991520302327,0.0,True,False,False,0,False,1.0
false_alarm_input_rot7_reverse,false_alarm_input,ht_w0.5,1,16.0,0.8206929109743366,0.0,True,False,False,0,False,1.6
false_alarm_input_rot7_reverse,false_alarm_input,ht_w1,1,16.0,0.8206929109743366,0.0,True,False,False,0,False,1.6
false_alarm_input_rot7_reverse,false_alarm_input,ht_w2,1,16.0,0.8206929109743366,0.0,True,False,False,0,False,1.6
false_alarm_input_rot7_reverse,false_alarm_input,ht_w5,1,16.0,0.8206929109743366,0.0,True,False,False,0,False,1.6
