source,height_bias,accuracy
train_data/sum_train_hunter_se_infer/height_bias-train_backbone_no_noise_noaddCEloss_ht_traversability_new_F_student_grad_res_c_16_reduce_optimizer_type_adam_lr_decay_type__UnFreeze_Epoch_1_time_2025-02-16-17-15-56-Sunday/ht_result_dict.txt,0.0,0.8752766816674594
train_data/sum_train_hunter_se_infer/height_bias-train_backbone_no_noise_noaddCEloss_ht_traversability_new_F_student_grad_res_c_16_reduce_optimizer_type_adam_lr_decay_type__UnFreeze_Epoch_1_time_2025-02-16-17-31-42-Sunday/ht_result_dict.txt,-10.0,0.8752756215903977
train_data/sum_train_hunter_se_infer/height_bias-train_backbone_no_noise_noaddCEloss_ht_traversability_new_F_student_grad_res_c_16_reduce_optimizer_type_adam_lr_decay_type__UnFreeze_Epoch_1_time_2025-02-16-17-31-42-Sunday/ht_result_dict.txt,-9.5,0.8752793318866515
train_data/sum_train_hunter_se_infer/height_bias-train_backbone_no_noise_noaddCEloss_ht_traversability_new_F_student_grad_res_c_16_reduce_optimizer_type_adam_lr_decay_type__UnFreeze_Epoch_1_time_2025-02-16-17-31-42-Sunday/ht_result_dict.txt,-9.0,0.8752809224609746
train_data/sum_train_hunter_se_infer/height_bias-train_backbone_no_noise_noaddCEloss_ht_traversability_new_F_student_grad_res_c_16_reduce_optimizer_type_adam_lr_decay_type__UnFreeze_Epoch_1_time_2025-02-16-17-31-42-Sunday/ht_result_dict.txt,-8.5,0.8752798622171019
train_data/sum_train_hunter_se_infer/height_bias-train_backbone_no_noise_noaddCEloss_ht_traversability_new_F_student_grad_res_c_16_reduce_optimizer_type_adam_lr_decay_type__UnFreeze_Epoch_1_time_2025-02-16-17-31-42-Sunday/ht_result_dict.txt,-8.0,0.8752830424558691
train_data/sum_train_hunter_se_infer/height_bias-train_backbone_no_noise_noaddCEloss_ht_traversability_new_F_student_grad_res_c_16_reduce_optimizer_type_adam_lr_decay_type__UnFreeze_Epoch_1_time_2025-02-16-17-31-42-Sunday/ht_result_dict.txt,-7.5,0.8752819823408958
train_data/sum_train_hunter_se_infer/height_bias-train_backbone_no_noise_noaddCEloss_ht_traversability_new_F_student_grad_res_c_16_reduce_optimizer_type_adam_lr_decay_type__UnFreeze_Epoch_1_time_2025-02-16-17-31-42-Sunday/ht_result_dict.txt,-7.0,0.8752798619062265
train_data/sum_train_hunter_se_infer/height_bias-train_backbone_no_noise_noaddCEloss_ht_traversability_new_F_student_grad_res_c_16_reduce_optimizer_type_adam_lr_decay_type__UnFreeze_Epoch_1_time_2025-02-16-17-31-42-Sunday/ht_result_dict.txt,-6.5,0.8752835725361026
train_data/sum_train_hunter_se_infer/height_bias-train_backbone_no_noise_noaddCEloss_ht_traversability_new_F_student_grad_res_c_16_reduce_optimizer_type_adam_lr_decay_type__UnFreeze_Epoch_1_time_2025-02-16-17-31-42-Sunday/ht_result_dict.txt,-6.0,0.8752841024040311
train_data/sum_train_hunter_se_infer/height_bias-train_backbone_no_noise_noaddCEloss_ht_traversability_new_F_student_grad_res_c_16_reduce_optimizer_type_adam_lr_decay_type__UnFreeze_Epoch_1_time_2025-02-16-17-31-42-Sunday/ht_result_dict.txt,-5.5,0.8752856925082501
train_data/sum_train_hunter_se_infer/height_bias-train_backbone_no_noise_noaddCEloss_ht_traversability_new_F_student_grad_res_c_16_reduce_optimizer_type_adam_lr_decay_type__UnFreeze_Epoch_1_time_2025-02-16-17-31-42-Sunday/ht_result_dict.txt,-5.0,0.8752835725133556
train_data/sum_train_hunter_se_infer/height_bias-train_backbone_no_noise_noaddCEloss_ht_traversability_new_F_student_grad_res_c_16_reduce_optimizer_type_adam_lr_decay_type__UnFreeze_Epoch_1_time_2025-02-16-17-31-42-Sunday/ht_result_dict.txt,-4.5,0.8752851625038397
train_data/sum_train_hunter_se_infer/height_bias-train_backbone_no_noise_noaddCEloss_ht_traversability_new_F_student_grad_res_c_16_reduce_optimizer_type_adam_lr_decay_type__UnFreeze_Epoch_1_time_2025-02-16-17-31-42-Sunday/ht_result_dict.txt,-4.0,0.8752825120875072
train_data/sum_train_hunter_se_infer/height_bias-train_backbone_no_noise_noaddCEloss_ht_traversability_new_F_student_grad_res_c_16_reduce_optimizer_type_adam_lr_decay_type__UnFreeze_Epoch_1_time_2025-02-16-17-31-42-Sunday/ht_result_dict.txt,-3.5,0.8752851626327393
train_data/sum_train_hunter_se_infer/height_bias-train_backbone_no_noise_noaddCEloss_ht_traversability_new_F_student_grad_res_c_16_reduce_optimizer_type_adam_lr_decay_type__UnFreeze_Epoch_1_time_2025-02-16-17-31-42-Sunday/ht_result_dict.txt,-3.0,0.8752851626630685
train_data/sum_train_hunter_se_infer/height_bias-train_backbone_no_noise_noaddCEloss_ht_traversability_new_F_student_grad_res_c_16_reduce_optimizer_type_adam_lr_decay_type__UnFreeze_Epoch_1_time_2025-02-16-17-31-42-Sunday/ht_result_dict.txt,-2.5,0.8752841024419428
train_data/sum_train_hunter_se_infer/height_bias-train_backbone_no_noise_noaddCEloss_ht_traversability_new_F_student_grad_res_c_16_reduce_optimizer_type_adam_lr_decay_type__UnFreeze_Epoch_1_time_2025-02-16-17-31-42-Sunday/ht_result_dict.txt,-2.0,0.8752819819921089
train_data/sum_train_hunter_se_infer/height_bias-train_backbone_no_noise_noaddCEloss_ht_traversability_new_F_student_grad_res_c_16_reduce_optimizer_type_adam_lr_decay_type__UnFreeze_Epoch_1_time_2025-02-16-17-31-42-Sunday/ht_result_dict.txt,-1.5,0.8752825122770652
train_data/sum_train_hunter_se_infer/height_bias-train_backbone_no_noise_noaddCEloss_ht_traversability_new_F_student_grad_res_c_16_reduce_optimizer_type_adam_lr_decay_type__UnFreeze_Epoch_1_time_2025-02-16-17-31-42-Sunday/ht_result_dict.txt,-1.0,0.8752825124514587
train_data/sum_train_hunter_se_infer/height_bias-train_backbone_no_noise_noaddCEloss_ht_traversability_new_F_student_grad_res_c_16_reduce_optimizer_type_adam_lr_decay_type__UnFreeze_Epoch_1_time_2025-02-16-17-31-42-Sunday/ht_result_dict.txt,-0.5,0.8752819823257312
train_data/sum_train_hunter_se_infer/height_bias-train_backbone_no_noise_noaddCEloss_ht_traversability_new_F_student_grad_res_c_16_reduce_optimizer_type_adam_lr_decay_type__UnFreeze_Epoch_1_time_2025-02-16-17-31-42-Sunday/ht_result_dict.txt,0.0,0.8752819822271609
train_data/sum_train_hunter_se_infer/height_bias-train_backbone_no_noise_noaddCEloss_ht_traversability_new_F_student_grad_res_c_16_reduce_optimizer_type_adam_lr_decay_type__UnFreeze_Epoch_1_time_2025-02-16-17-31-42-Sunday/ht_result_dict.txt,0.5,0.8752814520559394
train_data/sum_train_hunter_se_infer/height_bias-train_backbone_no_noise_noaddCEloss_ht_traversability_new_F_student_grad_res_c_16_reduce_optimizer_type_adam_lr_decay_type__UnFreeze_Epoch_1_time_2025-02-16-17-31-42-Sunday/ht_result_dict.txt,1.0,0.875281982136173
train_data/sum_train_hunter_se_infer/height_bias-train_backbone_no_noise_noaddCEloss_ht_traversability_new_F_student_grad_res_c_16_reduce_optimizer_type_adam_lr_decay_type__UnFreeze_Epoch_1_time_2025-02-16-17-31-42-Sunday/ht_result_dict.txt,1.5,0.8752819822347433
train_data/sum_train_hunter_se_infer/height_bias-train_backbone_no_noise_noaddCEloss_ht_traversability_new_F_student_grad_res_c_16_reduce_optimizer_type_adam_lr_decay_type__UnFreeze_Epoch_1_time_2025-02-16-17-31-42-Sunday/ht_result_dict.txt,2.0,0.8752841025556776
train_data/sum_train_hunter_se_infer/height_bias-train_backbone_no_noise_noaddCEloss_ht_traversability_new_F_student_grad_res_c_16_reduce_optimizer_type_adam_lr_decay_type__UnFreeze_Epoch_1_time_2025-02-16-17-31-42-Sunday/ht_result_dict.txt,2.5,0.8752846329164572
train_data/sum_train_hunter_se_infer/height_bias-train_backbone_no_noise_noaddCEloss_ht_traversability_new_F_student_grad_res_c_16_reduce_optimizer_type_adam_lr_decay_type__UnFreeze_Epoch_1_time_2025-02-16-17-31-42-Sunday/ht_result_dict.txt,3.0,0.8752798619517205
train_data/sum_train_hunter_se_infer/height_bias-train_backbone_no_noise_noaddCEloss_ht_traversability_new_F_student_grad_res_c_16_reduce_optimizer_type_adam_lr_decay_type__UnFreeze_Epoch_1_time_2025-02-16-17-31-42-Sunday/ht_result_dict.txt,3.5,0.8752830424103751
train_data/sum_train_hunter_se_infer/height_bias-train_backbone_no_noise_noaddCEloss_ht_traversability_new_F_student_grad_res_c_16_reduce_optimizer_type_adam_lr_decay_type__UnFreeze_Epoch_1_time_2025-02-16-17-31-42-Sunday/ht_result_dict.txt,4.0,0.8752814523364855
train_data/sum_train_hunter_se_infer/height_bias-train_backbone_no_noise_noaddCEloss_ht_traversability_new_F_student_grad_res_c_16_reduce_optimizer_type_adam_lr_decay_type__UnFreeze_Epoch_1_time_2025-02-16-17-31-42-Sunday/ht_result_dict.txt,4.5,0.8752841022902963
train_data/sum_train_hunter_se_infer/height_bias-train_backbone_no_noise_noaddCEloss_ht_traversability_new_F_student_grad_res_c_16_reduce_optimizer_type_adam_lr_decay_type__UnFreeze_Epoch_1_time_2025-02-16-17-31-42-Sunday/ht_result_dict.txt,5.0,0.8752825120799248
train_data/sum_train_hunter_se_infer/height_bias-train_backbone_no_noise_noaddCEloss_ht_traversability_new_F_student_grad_res_c_16_reduce_optimizer_type_adam_lr_decay_type__UnFreeze_Epoch_1_time_2025-02-16-17-31-42-Sunday/ht_result_dict.txt,5.5,0.8752825120495955
train_data/sum_train_hunter_se_infer/height_bias-train_backbone_no_noise_noaddCEloss_ht_traversability_new_F_student_grad_res_c_16_reduce_optimizer_type_adam_lr_decay_type__UnFreeze_Epoch_1_time_2025-02-16-17-31-42-Sunday/ht_result_dict.txt,6.0,0.8752809222107579
train_data/sum_train_hunter_se_infer/height_bias-train_backbone_no_noise_noaddCEloss_ht_traversability_new_F_student_grad_res_c_16_reduce_optimizer_type_adam_lr_decay_type__UnFreeze_Epoch_1_time_2025-02-16-17-31-42-Sunday/ht_result_dict.txt,6.5,0.8752798625128124
train_data/sum_train_hunter_se_infer/height_bias-train_backbone_no_noise_noaddCEloss_ht_traversability_new_F_student_grad_res_c_16_reduce_optimizer_type_adam_lr_decay_type__UnFreeze_Epoch_1_time_2025-02-16-17-31-42-Sunday/ht_result_dict.txt,7.0,0.8752788020945462
train_data/sum_train_hunter_se_infer/height_bias-train_backbone_no_noise_noaddCEloss_ht_traversability_new_F_student_grad_res_c_16_reduce_optimizer_type_adam_lr_decay_type__UnFreeze_Epoch_1_time_2025-02-16-17-31-42-Sunday/ht_result_dict.txt,7.5,0.87527774200232
train_data/sum_train_hunter_se_infer/height_bias-train_backbone_no_noise_noaddCEloss_ht_traversability_new_F_student_grad_res_c_16_reduce_optimizer_type_adam_lr_decay_type__UnFreeze_Epoch_1_time_2025-02-16-17-31-42-Sunday/ht_result_dict.txt,8.0,0.8752788019277351
train_data/sum_train_hunter_se_infer/height_bias-train_backbone_no_noise_noaddCEloss_ht_traversability_new_F_student_grad_res_c_16_reduce_optimizer_type_adam_lr_decay_type__UnFreeze_Epoch_1_time_2025-02-16-17-31-42-Sunday/ht_result_dict.txt,8.5,0.875278801829165
train_data/sum_train_hunter_se_infer/height_bias-train_backbone_no_noise_noaddCEloss_ht_traversability_new_F_student_grad_res_c_16_reduce_optimizer_type_adam_lr_decay_type__UnFreeze_Epoch_1_time_2025-02-16-17-31-42-Sunday/ht_result_dict.txt,9.0,0.8752788019277351
train_data/sum_train_hunter_se_infer/height_bias-train_backbone_no_noise_noaddCEloss_ht_traversability_new_F_student_grad_res_c_16_reduce_optimizer_type_adam_lr_decay_type__UnFreeze_Epoch_1_time_2025-02-16-17-31-42-Sunday/ht_result_dict.txt,9.5,0.8752798618304033
train_data/sum_train_hunter_se_infer/height_bias-train_backbone_no_noise_noaddCEloss_ht_traversability_new_F_student_grad_res_c_16_reduce_optimizer_type_adam_lr_decay_type__UnFreeze_Epoch_1_time_2025-02-16-17-31-42-Sunday/ht_result_dict.txt,10.0,0.8752782719384895
train_data/sum_train_hunter_se_infer/height_bias-train_backbone_nonoiseht_vit_b_16_grad_1_optimizer_type_adam_lr_decay_type_cos_UnFreeze_Epoch_1_time_2025-02-16-15-45-01-Sunday/ht_result_dict.txt,0.0,0.8929153094462541
train_data/sum_train_hunter_se_infer/height_bias-train_backbone_nonoiseht_vit_b_16_grad_1_optimizer_type_adam_lr_decay_type_cos_UnFreeze_Epoch_1_time_2025-02-16-16-00-23-Sunday/ht_result_dict.txt,-10.0,0.8929110681324647
train_data/sum_train_hunter_se_infer/height_bias-train_backbone_nonoiseht_vit_b_16_grad_1_optimizer_type_adam_lr_decay_type_cos_UnFreeze_Epoch_1_time_2025-02-16-16-00-23-Sunday/ht_result_dict.txt,-9.5,0.8928728963083605
train_data/sum_train_hunter_se_infer/height_bias-train_backbone_nonoiseht_vit_b_16_grad_1_optimizer_type_adam_lr_decay_type_cos_UnFreeze_Epoch_1_time_2025-02-16-16-00-23-Sunday/ht_result_dict.txt,-9.0,0.8928644136807817
train_data/sum_train_hunter_se_infer/height_bias-train_backbone_nonoiseht_vit_b_16_grad_1_optimizer_type_adam_lr_decay_type_cos_UnFreeze_Epoch_1_time_2025-02-16-16-00-23-Sunday/ht_result_dict.txt,-8.5,0.8928898615635179
train_data/sum_train_hunter_se_infer/height_bias-train_backbone_nonoiseht_vit_b_16_grad_1_optimizer_type_adam_lr_decay_type_cos_UnFreeze_Epoch_1_time_2025-02-16-16-00-23-Sunday/ht_result_dict.txt,-8.0,0.8928813789359392
train_data/sum_train_hunter_se_infer/height_bias-train_backbone_nonoiseht_vit_b_16_grad_1_optimizer_type_adam_lr_decay_type_cos_UnFreeze_Epoch_1_time_2025-02-16-16-00-23-Sunday/ht_result_dict.txt,-7.5,0.8928856202497285
train_data/sum_train_hunter_se_infer/height_bias-train_backbone_nonoiseht_vit_b_16_grad_1_optimizer_type_adam_lr_decay_type_cos_UnFreeze_Epoch_1_time_2025-02-16-16-00-23-Sunday/ht_result_dict.txt,-7.0,0.8928728963083605
train_data/sum_train_hunter_se_infer/height_bias-train_backbone_nonoiseht_vit_b_16_grad_1_optimizer_type_adam_lr_decay_type_cos_UnFreeze_Epoch_1_time_2025-02-16-16-00-23-Sunday/ht_result_dict.txt,-6.5,0.8928856202497285
train_data/sum_train_hunter_se_infer/height_bias-train_backbone_nonoiseht_vit_b_16_grad_1_optimizer_type_adam_lr_decay_type_cos_UnFreeze_Epoch_1_time_2025-02-16-16-00-23-Sunday/ht_result_dict.txt,-6.0,0.8928898615635179
train_data/sum_train_hunter_se_infer/height_bias-train_backbone_nonoiseht_vit_b_16_grad_1_optimizer_type_adam_lr_decay_type_cos_UnFreeze_Epoch_1_time_2025-02-16-16-00-23-Sunday/ht_result_dict.txt,-5.5,0.8928728963083605
train_data/sum_train_hunter_se_infer/height_bias-train_backbone_nonoiseht_vit_b_16_grad_1_optimizer_type_adam_lr_decay_type_cos_UnFreeze_Epoch_1_time_2025-02-16-16-00-23-Sunday/ht_result_dict.txt,-5.0,0.8928983441910966
train_data/sum_train_hunter_se_infer/height_bias-train_backbone_nonoiseht_vit_b_16_grad_1_optimizer_type_adam_lr_decay_type_cos_UnFreeze_Epoch_1_time_2025-02-16-16-00-23-Sunday/ht_result_dict.txt,-4.5,0.8928898615635179
train_data/sum_train_hunter_se_infer/height_bias-train_backbone_nonoiseht_vit_b_16_grad_1_optimizer_type_adam_lr_decay_type_cos_UnFreeze_Epoch_1_time_2025-02-16-16-00-23-Sunday/ht_result_dict.txt,-4.0,0.8928686549945711
train_data/sum_train_hunter_se_infer/height_bias-train_backbone_nonoiseht_vit_b_16_grad_1_optimizer_type_adam_lr_decay_type_cos_UnFreeze_Epoch_1_time_2025-02-16-16-00-23-Sunday/ht_result_dict.txt,-3.5,0.8928813789359392
train_data/sum_train_hunter_se_infer/height_bias-train_backbone_nonoiseht_vit_b_16_grad_1_optimizer_type_adam_lr_decay_type_cos_UnFreeze_Epoch_1_time_2025-02-16-16-00-23-Sunday/ht_result_dict.txt,-3.0,0.8928771376221498
train_data/sum_train_hunter_se_infer/height_bias-train_backbone_nonoiseht_vit_b_16_grad_1_optimizer_type_adam_lr_decay_type_cos_UnFreeze_Epoch_1_time_2025-02-16-16-00-23-Sunday/ht_result_dict.txt,-2.5,0.892902585504886
train_data/sum_train_hunter_se_infer/height_bias-train_backbone_nonoiseht_vit_b_16_grad_1_optimizer_type_adam_lr_decay_type_cos_UnFreeze_Epoch_1_time_2025-02-16-16-00-23-Sunday/ht_result_dict.txt,-2.0,0.8928728963083605
train_data/sum_train_hunter_se_infer/height_bias-train_backbone_nonoiseht_vit_b_16_grad_1_optimizer_type_adam_lr_decay_type_cos_UnFreeze_Epoch_1_time_2025-02-16-16-00-23-Sunday/ht_result_dict.txt,-1.5,0.8928983441910966
train_data/sum_train_hunter_se_infer/height_bias-train_backbone_nonoiseht_vit_b_16_grad_1_optimizer_type_adam_lr_decay_type_cos_UnFreeze_Epoch_1_time_2025-02-16-16-00-23-Sunday/ht_result_dict.txt,-1.0,0.8928941028773073
train_data/sum_train_hunter_se_infer/height_bias-train_backbone_nonoiseht_vit_b_16_grad_1_optimizer_type_adam_lr_decay_type_cos_UnFreeze_Epoch_1_time_2025-02-16-16-00-23-Sunday/ht_result_dict.txt,-0.5,0.8928771376221498
train_data/sum_train_hunter_se_infer/height_bias-train_backbone_nonoiseht_vit_b_16_grad_1_optimizer_type_adam_lr_decay_type_cos_UnFreeze_Epoch_1_time_2025-02-16-16-00-23-Sunday/ht_result_dict.txt,0.0,0.8928898615635179
train_data/sum_train_hunter_se_infer/height_bias-train_backbone_nonoiseht_vit_b_16_grad_1_optimizer_type_adam_lr_decay_type_cos_UnFreeze_Epoch_1_time_2025-02-16-16-00-23-Sunday/ht_result_dict.txt,0.5,0.892902585504886
train_data/sum_train_hunter_se_infer/height_bias-train_backbone_nonoiseht_vit_b_16_grad_1_optimizer_type_adam_lr_decay_type_cos_UnFreeze_Epoch_1_time_2025-02-16-16-00-23-Sunday/ht_result_dict.txt,1.0,0.8928898615635179
train_data/sum_train_hunter_se_infer/height_bias-train_backbone_nonoiseht_vit_b_16_grad_1_optimizer_type_adam_lr_decay_type_cos_UnFreeze_Epoch_1_time_2025-02-16-16-00-23-Sunday/ht_result_dict.txt,1.5,0.892902585504886
train_data/sum_train_hunter_se_infer/height_bias-train_backbone_nonoiseht_vit_b_16_grad_1_optimizer_type_adam_lr_decay_type_cos_UnFreeze_Epoch_1_time_2025-02-16-16-00-23-Sunday/ht_result_dict.txt,2.0,0.8928856202497285
train_data/sum_train_hunter_se_infer/height_bias-train_backbone_nonoiseht_vit_b_16_grad_1_optimizer_type_adam_lr_decay_type_cos_UnFreeze_Epoch_1_time_2025-02-16-16-00-23-Sunday/ht_result_dict.txt,2.5,0.8928983441910966
train_data/sum_train_hunter_se_infer/height_bias-train_backbone_nonoiseht_vit_b_16_grad_1_optimizer_type_adam_lr_decay_type_cos_UnFreeze_Epoch_1_time_2025-02-16-16-00-23-Sunday/ht_result_dict.txt,3.0,0.8928771376221498
train_data/sum_train_hunter_se_infer/height_bias-train_backbone_nonoiseht_vit_b_16_grad_1_optimizer_type_adam_lr_decay_type_cos_UnFreeze_Epoch_1_time_2025-02-16-16-00-23-Sunday/ht_result_dict.txt,3.5,0.8928771376221498
train_data/sum_train_hunter_se_infer/height_bias-train_backbone_nonoiseht_vit_b_16_grad_1_optimizer_type_adam_lr_decay_type_cos_UnFreeze_Epoch_1_time_2025-02-16-16-00-23-Sunday/ht_result_dict.txt,4.0,0.8928941028773073
train_data/sum_train_hunter_se_infer/height_bias-train_backbone_nonoiseht_vit_b_16_grad_1_optimizer_type_adam_lr_decay_type_cos_UnFreeze_Epoch_1_time_2025-02-16-16-00-23-Sunday/ht_result_dict.txt,4.5,0.8928898615635179
train_data/sum_train_hunter_se_infer/height_bias-train_backbone_nonoiseht_vit_b_16_grad_1_optimizer_type_adam_lr_decay_type_cos_UnFreeze_Epoch_1_time_2025-02-16-16-00-23-Sunday/ht_result_dict.txt,5.0,0.8928856202497285
train_data/sum_train_hunter_se_infer/height_bias-train_backbone_nonoiseht_vit_b_16_grad_1_optimizer_type_adam_lr_decay_type_cos_UnFreeze_Epoch_1_time_2025-02-16-16-00-23-Sunday/ht_result_dict.txt,5.5,0.8929110681324647
train_data/sum_train_hunter_se_infer/height_bias-train_backbone_nonoiseht_vit_b_16_grad_1_optimizer_type_adam_lr_decay_type_cos_UnFreeze_Epoch_1_time_2025-02-16-16-00-23-Sunday/ht_result_dict.txt,6.0,0.8928856202497285
train_data/sum_train_hunter_se_infer/height_bias-train_backbone_nonoiseht_vit_b_16_grad_1_optimizer_type_adam_lr_decay_type_cos_UnFreeze_Epoch_1_time_2025-02-16-16-00-23-Sunday/ht_result_dict.txt,6.5,0.8928856202497285
train_data/sum_train_hunter_se_infer/height_bias-train_backbone_nonoiseht_vit_b_16_grad_1_optimizer_type_adam_lr_decay_type_cos_UnFreeze_Epoch_1_time_2025-02-16-16-00-23-Sunday/ht_result_dict.txt,7.0,0.8928898615635179
train_data/sum_train_hunter_se_infer/height_bias-train_backbone_nonoiseht_vit_b_16_grad_1_optimizer_type_adam_lr_decay_type_cos_UnFreeze_Epoch_1_time_2025-02-16-16-00-23-Sunday/ht_result_dict.txt,7.5,0.8928686549945711
train_data/sum_train_hunter_se_infer/height_bias-train_backbone_nonoiseht_vit_b_16_grad_1_optimizer_type_adam_lr_decay_type_cos_UnFreeze_Epoch_1_time_2025-02-16-16-00-23-Sunday/ht_result_dict.txt,8.0,0.8928813789359392
train_data/sum_train_hunter_se_infer/height_bias-train_backbone_nonoiseht_vit_b_16_grad_1_optimizer_type_adam_lr_decay_type_cos_UnFreeze_Epoch_1_time_2025-02-16-16-00-23-Sunday/ht_result_dict.txt,8.5,0.8928728963083605
train_data/sum_train_hunter_se_infer/height_bias-train_backbone_nonoiseht_vit_b_16_grad_1_optimizer_type_adam_lr_decay_type_cos_UnFreeze_Epoch_1_time_2025-02-16-16-00-23-Sunday/ht_result_dict.txt,9.0,0.8928686549945711
train_data/sum_train_hunter_se_infer/height_bias-train_backbone_nonoiseht_vit_b_16_grad_1_optimizer_type_adam_lr_decay_type_cos_UnFreeze_Epoch_1_time_2025-02-16-16-00-23-Sunday/ht_result_dict.txt,9.5,0.8928856202497285
train_data/sum_train_hunter_se_infer/height_bias-train_backbone_nonoiseht_vit_b_16_grad_1_optimizer_type_adam_lr_decay_type_cos_UnFreeze_Epoch_1_time_2025-02-16-16-00-23-Sunday/ht_result_dict.txt,10.0,0.8928898615635179
train_data/sum_train_hunter_se_infer/height_bias-train_backbone_nonoiseht_vit_b_16_optimizer_type_adam_lr_decay_type_cos_UnFreeze_Epoch_1_time_2025-02-16-15-51-25-Sunday/ht_result_dict.txt,0.0,0.8898530808903365
train_data/sum_train_hunter_se_infer/height_bias-train_backbone_nonoiseht_vit_b_16_optimizer_type_adam_lr_decay_type_cos_UnFreeze_Epoch_1_time_2025-02-16-15-56-16-Sunday/ht_result_dict.txt,0.0,0.8898530808903365
train_data/sum_train_hunter_se_infer/height_bias-train_backbone_nonoiseht_vit_b_16_optimizer_type_adam_lr_decay_type_cos_UnFreeze_Epoch_1_time_2025-02-16-15-59-29-Sunday/ht_result_dict.txt,-10.0,0.5000254478827362
train_data/sum_train_hunter_se_infer/height_bias-train_backbone_nonoiseht_vit_b_16_optimizer_type_adam_lr_decay_type_cos_UnFreeze_Epoch_1_time_2025-02-16-15-59-29-Sunday/ht_result_dict.txt,-9.5,0.5000084826275787
train_data/sum_train_hunter_se_infer/height_bias-train_backbone_nonoiseht_vit_b_16_optimizer_type_adam_lr_decay_type_cos_UnFreeze_Epoch_1_time_2025-02-16-15-59-29-Sunday/ht_result_dict.txt,-9.0,0.5000042413137894
train_data/sum_train_hunter_se_infer/height_bias-train_backbone_nonoiseht_vit_b_16_optimizer_type_adam_lr_decay_type_cos_UnFreeze_Epoch_1_time_2025-02-16-15-59-29-Sunday/ht_result_dict.txt,-8.5,0.500046654451683
train_data/sum_train_hunter_se_infer/height_bias-train_backbone_nonoiseht_vit_b_16_optimizer_type_adam_lr_decay_type_cos_UnFreeze_Epoch_1_time_2025-02-16-15-59-29-Sunday/ht_result_dict.txt,-8.0,0.5000975502171553
train_data/sum_train_hunter_se_infer/height_bias-train_backbone_nonoiseht_vit_b_16_optimizer_type_adam_lr_decay_type_cos_UnFreeze_Epoch_1_time_2025-02-16-15-59-29-Sunday/ht_result_dict.txt,-7.5,0.5002884093376765
train_data/sum_train_hunter_se_infer/height_bias-train_backbone_nonoiseht_vit_b_16_optimizer_type_adam_lr_decay_type_cos_UnFreeze_Epoch_1_time_2025-02-16-15-59-29-Sunday/ht_result_dict.txt,-7.0,0.5005471294788274
train_data/sum_train_hunter_se_infer/height_bias-train_backbone_nonoiseht_vit_b_16_optimizer_type_adam_lr_decay_type_cos_UnFreeze_Epoch_1_time_2025-02-16-15-59-29-Sunday/ht_result_dict.txt,-6.5,0.5010136739956569
train_data/sum_train_hunter_se_infer/height_bias-train_backbone_nonoiseht_vit_b_16_optimizer_type_adam_lr_decay_type_cos_UnFreeze_Epoch_1_time_2025-02-16-15-59-29-Sunday/ht_result_dict.txt,-6.0,0.501946763029316
train_data/sum_train_hunter_se_infer/height_bias-train_backbone_nonoiseht_vit_b_16_optimizer_type_adam_lr_decay_type_cos_UnFreeze_Epoch_1_time_2025-02-16-15-59-29-Sunday/ht_result_dict.txt,-5.5,0.5033506378935939
train_data/sum_train_hunter_se_infer/height_bias-train_backbone_nonoiseht_vit_b_16_optimizer_type_adam_lr_decay_type_cos_UnFreeze_Epoch_1_time_2025-02-16-15-59-29-Sunday/ht_result_dict.txt,-5.0,0.5052252985884907
train_data/sum_train_hunter_se_infer/height_bias-train_backbone_nonoiseht_vit_b_16_optimizer_type_adam_lr_decay_type_cos_UnFreeze_Epoch_1_time_2025-02-16-15-59-29-Sunday/ht_result_dict.txt,-4.5,0.5080033591205212
train_data/sum_train_hunter_se_infer/height_bias-train_backbone_nonoiseht_vit_b_16_optimizer_type_adam_lr_decay_type_cos_UnFreeze_Epoch_1_time_2025-02-16-15-59-29-Sunday/ht_result_dict.txt,-4.0,0.510963796145494
train_data/sum_train_hunter_se_infer/height_bias-train_backbone_nonoiseht_vit_b_16_optimizer_type_adam_lr_decay_type_cos_UnFreeze_Epoch_1_time_2025-02-16-15-59-29-Sunday/ht_result_dict.txt,-3.5,0.5143780537459284
train_data/sum_train_hunter_se_infer/height_bias-train_backbone_nonoiseht_vit_b_16_optimizer_type_adam_lr_decay_type_cos_UnFreeze_Epoch_1_time_2025-02-16-15-59-29-Sunday/ht_result_dict.txt,-3.0,0.5204431324647123
train_data/sum_train_hunter_se_infer/height_bias-train_backbone_nonoiseht_vit_b_16_optimizer_type_adam_lr_decay_type_cos_UnFreeze_Epoch_1_time_2025-02-16-15-59-29-Sunday/ht_result_dict.txt,-2.5,0.5327090119435396
train_data/sum_train_hunter_se_infer/height_bias-train_backbone_nonoiseht_vit_b_16_optimizer_type_adam_lr_decay_type_cos_UnFreeze_Epoch_1_time_2025-02-16-15-59-29-Sunday/ht_result_dict.txt,-2.0,0.5476214712269273
train_data/sum_train_hunter_se_infer/height_bias-train_backbone_nonoiseht_vit_b_16_optimizer_type_adam_lr_decay_type_cos_UnFreeze_Epoch_1_time_2025-02-16-15-59-29-Sunday/ht_result_dict.txt,-1.5,0.5769671213355049
train_data/sum_train_hunter_se_infer/height_bias-train_backbone_nonoiseht_vit_b_16_optimizer_type_adam_lr_decay_type_cos_UnFreeze_Epoch_1_time_2025-02-16-15-59-29-Sunday/ht_result_dict.txt,-1.0,0.6602877307274702
train_data/sum_train_hunter_se_infer/height_bias-train_backbone_nonoiseht_vit_b_16_optimizer_type_adam_lr_decay_type_cos_UnFreeze_Epoch_1_time_2025-02-16-15-59-29-Sunday/ht_result_dict.txt,-0.5,0.8057266218783931
train_data/sum_train_hunter_se_infer/height_bias-train_backbone_nonoiseht_vit_b_16_optimizer_type_adam_lr_decay_type_cos_UnFreeze_Epoch_1_time_2025-02-16-15-59-29-Sunday/ht_result_dict.txt,0.0,0.8898615635179153
train_data/sum_train_hunter_se_infer/height_bias-train_backbone_nonoiseht_vit_b_16_optimizer_type_adam_lr_decay_type_cos_UnFreeze_Epoch_1_time_2025-02-16-15-59-29-Sunday/ht_result_dict.txt,0.5,0.8675140811617806
train_data/sum_train_hunter_se_infer/height_bias-train_backbone_nonoiseht_vit_b_16_optimizer_type_adam_lr_decay_type_cos_UnFreeze_Epoch_1_time_2025-02-16-15-59-29-Sunday/ht_result_dict.txt,1.0,0.8410313178610206
train_data/sum_train_hunter_se_infer/height_bias-train_backbone_nonoiseht_vit_b_16_optimizer_type_adam_lr_decay_type_cos_UnFreeze_Epoch_1_time_2025-02-16-15-59-29-Sunday/ht_result_dict.txt,1.5,0.7802023954940283
train_data/sum_train_hunter_se_infer/height_bias-train_backbone_nonoiseht_vit_b_16_optimizer_type_adam_lr_decay_type_cos_UnFreeze_Epoch_1_time_2025-02-16-15-59-29-Sunday/ht_result_dict.txt,2.0,0.6171026737242128
train_data/sum_train_hunter_se_infer/height_bias-train_backbone_nonoiseht_vit_b_16_optimizer_type_adam_lr_decay_type_cos_UnFreeze_Epoch_1_time_2025-02-16-15-59-29-Sunday/ht_result_dict.txt,2.5,0.5184242671009772
train_data/sum_train_hunter_se_infer/height_bias-train_backbone_nonoiseht_vit_b_16_optimizer_type_adam_lr_decay_type_cos_UnFreeze_Epoch_1_time_2025-02-16-15-59-29-Sunday/ht_result_dict.txt,3.0,0.5064128664495114
train_data/sum_train_hunter_se_infer/height_bias-train_backbone_nonoiseht_vit_b_16_optimizer_type_adam_lr_decay_type_cos_UnFreeze_Epoch_1_time_2025-02-16-15-59-29-Sunday/ht_result_dict.txt,3.5,0.5037153908794788
train_data/sum_train_hunter_se_infer/height_bias-train_backbone_nonoiseht_vit_b_16_optimizer_type_adam_lr_decay_type_cos_UnFreeze_Epoch_1_time_2025-02-16-15-59-29-Sunday/ht_result_dict.txt,4.0,0.5026041666666666
train_data/sum_train_hunter_se_infer/height_bias-train_backbone_nonoiseht_vit_b_16_optimizer_type_adam_lr_decay_type_cos_UnFreeze_Epoch_1_time_2025-02-16-15-59-29-Sunday/ht_result_dict.txt,4.5,0.5019679695982627
train_data/sum_train_hunter_se_infer/height_bias-train_backbone_nonoiseht_vit_b_16_optimizer_type_adam_lr_decay_type_cos_UnFreeze_Epoch_1_time_2025-02-16-15-59-29-Sunday/ht_result_dict.txt,5.0,0.5014335640608035
train_data/sum_train_hunter_se_infer/height_bias-train_backbone_nonoiseht_vit_b_16_optimizer_type_adam_lr_decay_type_cos_UnFreeze_Epoch_1_time_2025-02-16-15-59-29-Sunday/ht_result_dict.txt,5.5,0.500979743485342
train_data/sum_train_hunter_se_infer/height_bias-train_backbone_nonoiseht_vit_b_16_optimizer_type_adam_lr_decay_type_cos_UnFreeze_Epoch_1_time_2025-02-16-15-59-29-Sunday/ht_result_dict.txt,6.0,0.5005386468512486
train_data/sum_train_hunter_se_infer/height_bias-train_backbone_nonoiseht_vit_b_16_optimizer_type_adam_lr_decay_type_cos_UnFreeze_Epoch_1_time_2025-02-16-15-59-29-Sunday/ht_result_dict.txt,6.5,0.5001908591205212
train_data/sum_train_hunter_se_infer/height_bias-train_backbone_nonoiseht_vit_b_16_optimizer_type_adam_lr_decay_type_cos_UnFreeze_Epoch_1_time_2025-02-16-15-59-29-Sunday/ht_result_dict.txt,7.0,0.5000508957654723
train_data/sum_train_hunter_se_infer/height_bias-train_backbone_nonoiseht_vit_b_16_optimizer_type_adam_lr_decay_type_cos_UnFreeze_Epoch_1_time_2025-02-16-15-59-29-Sunday/ht_result_dict.txt,7.5,0.5000254478827362
train_data/sum_train_hunter_se_infer/height_bias-train_backbone_nonoiseht_vit_b_16_optimizer_type_adam_lr_decay_type_cos_UnFreeze_Epoch_1_time_2025-02-16-15-59-29-Sunday/ht_result_dict.txt,8.0,0.49999151737242126
train_data/sum_train_hunter_se_infer/height_bias-train_backbone_nonoiseht_vit_b_16_optimizer_type_adam_lr_decay_type_cos_UnFreeze_Epoch_1_time_2025-02-16-15-59-29-Sunday/ht_result_dict.txt,8.5,0.5000042413137894
train_data/sum_train_hunter_se_infer/height_bias-train_backbone_nonoiseht_vit_b_16_optimizer_type_adam_lr_decay_type_cos_UnFreeze_Epoch_1_time_2025-02-16-15-59-29-Sunday/ht_result_dict.txt,9.0,0.5
train_data/sum_train_hunter_se_infer/height_bias-train_backbone_nonoiseht_vit_b_16_optimizer_type_adam_lr_decay_type_cos_UnFreeze_Epoch_1_time_2025-02-16-15-59-29-Sunday/ht_result_dict.txt,9.5,0.4999872760586319
train_data/sum_train_hunter_se_infer/height_bias-train_backbone_nonoiseht_vit_b_16_optimizer_type_adam_lr_decay_type_cos_UnFreeze_Epoch_1_time_2025-02-16-15-59-29-Sunday/ht_result_dict.txt,10.0,0.49999575868621066
train_data/sum_train_hunter_se_infer/height_bias-train_backbone_nonoiseht_vit_b_16_optimizer_type_adam_lr_decay_type_cos_UnFreeze_Epoch_1_time_2025-02-17-12-01-54-Monday/ht_result_dict.txt,0.0,0.8896386480628556
train_data/sum_train_hunter_se_infer/height_bias-train_backbone_nonoiseref_traversability_optimizer_type_adam_lr_decay_type_cos_UnFreeze_Epoch_1_time_2025-02-16-15-38-27-Sunday/ht_result_dict.txt,-10.0,0.6426056935396308
train_data/sum_train_hunter_se_infer/height_bias-train_backbone_nonoiseref_traversability_optimizer_type_adam_lr_decay_type_cos_UnFreeze_Epoch_1_time_2025-02-16-15-38-27-Sunday/ht_result_dict.txt,-9.5,0.6475086522801303
train_data/sum_train_hunter_se_infer/height_bias-train_backbone_nonoiseref_traversability_optimizer_type_adam_lr_decay_type_cos_UnFreeze_Epoch_1_time_2025-02-16-15-38-27-Sunday/ht_result_dict.txt,-9.0,0.6524794720412594
train_data/sum_train_hunter_se_infer/height_bias-train_backbone_nonoiseref_traversability_optimizer_type_adam_lr_decay_type_cos_UnFreeze_Epoch_1_time_2025-02-16-15-38-27-Sunday/ht_result_dict.txt,-8.5,0.6571661237785016
train_data/sum_train_hunter_se_infer/height_bias-train_backbone_nonoiseref_traversability_optimizer_type_adam_lr_decay_type_cos_UnFreeze_Epoch_1_time_2025-02-16-15-38-27-Sunday/ht_result_dict.txt,-8.0,0.6622472176981542
train_data/sum_train_hunter_se_infer/height_bias-train_backbone_nonoiseref_traversability_optimizer_type_adam_lr_decay_type_cos_UnFreeze_Epoch_1_time_2025-02-16-15-38-27-Sunday/ht_result_dict.txt,-7.5,0.6678118213897937
train_data/sum_train_hunter_se_infer/height_bias-train_backbone_nonoiseref_traversability_optimizer_type_adam_lr_decay_type_cos_UnFreeze_Epoch_1_time_2025-02-16-15-38-27-Sunday/ht_result_dict.txt,-7.0,0.6740253460912052
train_data/sum_train_hunter_se_infer/height_bias-train_backbone_nonoiseref_traversability_optimizer_type_adam_lr_decay_type_cos_UnFreeze_Epoch_1_time_2025-02-16-15-38-27-Sunday/ht_result_dict.txt,-6.5,0.680561210640608
train_data/sum_train_hunter_se_infer/height_bias-train_backbone_nonoiseref_traversability_optimizer_type_adam_lr_decay_type_cos_UnFreeze_Epoch_1_time_2025-02-16-15-38-27-Sunday/ht_result_dict.txt,-6.0,0.6878562703583062
train_data/sum_train_hunter_se_infer/height_bias-train_backbone_nonoiseref_traversability_optimizer_type_adam_lr_decay_type_cos_UnFreeze_Epoch_1_time_2025-02-16-15-38-27-Sunday/ht_result_dict.txt,-5.5,0.6957408726927253
train_data/sum_train_hunter_se_infer/height_bias-train_backbone_nonoiseref_traversability_optimizer_type_adam_lr_decay_type_cos_UnFreeze_Epoch_1_time_2025-02-16-15-38-27-Sunday/ht_result_dict.txt,-5.0,0.7038502646579805
train_data/sum_train_hunter_se_infer/height_bias-train_backbone_nonoiseref_traversability_optimizer_type_adam_lr_decay_type_cos_UnFreeze_Epoch_1_time_2025-02-16-15-38-27-Sunday/ht_result_dict.txt,-4.5,0.7129733306188925
train_data/sum_train_hunter_se_infer/height_bias-train_backbone_nonoiseref_traversability_optimizer_type_adam_lr_decay_type_cos_UnFreeze_Epoch_1_time_2025-02-16-15-38-27-Sunday/ht_result_dict.txt,-4.0,0.7228386264929425
train_data/sum_train_hunter_se_infer/height_bias-train_backbone_nonoiseref_traversability_optimizer_type_adam_lr_decay_type_cos_UnFreeze_Epoch_1_time_2025-02-16-15-38-27-Sunday/ht_result_dict.txt,-3.5,0.7333146715526602
train_data/sum_train_hunter_se_infer/height_bias-train_backbone_nonoiseref_traversability_optimizer_type_adam_lr_decay_type_cos_UnFreeze_Epoch_1_time_2025-02-16-15-38-27-Sunday/ht_result_dict.txt,-3.0,0.745220039359392
train_data/sum_train_hunter_se_infer/height_bias-train_backbone_nonoiseref_traversability_optimizer_type_adam_lr_decay_type_cos_UnFreeze_Epoch_1_time_2025-02-16-15-38-27-Sunday/ht_result_dict.txt,-2.5,0.7580415309446255
train_data/sum_train_hunter_se_infer/height_bias-train_backbone_nonoiseref_traversability_optimizer_type_adam_lr_decay_type_cos_UnFreeze_Epoch_1_time_2025-02-16-15-38-27-Sunday/ht_result_dict.txt,-2.0,0.7708375746471227
train_data/sum_train_hunter_se_infer/height_bias-train_backbone_nonoiseref_traversability_optimizer_type_adam_lr_decay_type_cos_UnFreeze_Epoch_1_time_2025-02-16-15-38-27-Sunday/ht_result_dict.txt,-1.5,0.7874295941910966
train_data/sum_train_hunter_se_infer/height_bias-train_backbone_nonoiseref_traversability_optimizer_type_adam_lr_decay_type_cos_UnFreeze_Epoch_1_time_2025-02-16-15-38-27-Sunday/ht_result_dict.txt,-1.0,0.8047553610206297
train_data/sum_train_hunter_se_infer/height_bias-train_backbone_nonoiseref_traversability_optimizer_type_adam_lr_decay_type_cos_UnFreeze_Epoch_1_time_2025-02-16-15-38-27-Sunday/ht_result_dict.txt,-0.5,0.8397334758414766
train_data/sum_train_hunter_se_infer/height_bias-train_backbone_nonoiseref_traversability_optimizer_type_adam_lr_decay_type_cos_UnFreeze_Epoch_1_time_2025-02-16-15-38-27-Sunday/ht_result_dict.txt,0.0,0.8825961929967426
train_data/sum_train_hunter_se_infer/height_bias-train_backbone_nonoiseref_traversability_optimizer_type_adam_lr_decay_type_cos_UnFreeze_Epoch_1_time_2025-02-16-15-38-27-Sunday/ht_result_dict.txt,0.5,0.8616186549945711
train_data/sum_train_hunter_se_infer/height_bias-train_backbone_nonoiseref_traversability_optimizer_type_adam_lr_decay_type_cos_UnFreeze_Epoch_1_time_2025-02-16-15-38-27-Sunday/ht_result_dict.txt,1.0,0.8331212676438654
train_data/sum_train_hunter_se_infer/height_bias-train_backbone_nonoiseref_traversability_optimizer_type_adam_lr_decay_type_cos_UnFreeze_Epoch_1_time_2025-02-16-15-38-27-Sunday/ht_result_dict.txt,1.5,0.7933504682410424
train_data/sum_train_hunter_se_infer/height_bias-train_backbone_nonoiseref_traversability_optimizer_type_adam_lr_decay_type_cos_UnFreeze_Epoch_1_time_2025-02-16-15-38-27-Sunday/ht_result_dict.txt,2.0,0.7324409609120521
train_data/sum_train_hunter_se_infer/height_bias-train_backbone_nonoiseref_traversability_optimizer_type_adam_lr_decay_type_cos_UnFreeze_Epoch_1_time_2025-02-16-15-38-27-Sunday/ht_result_dict.txt,2.5,0.672477266558089
train_data/sum_train_hunter_se_infer/height_bias-train_backbone_nonoiseref_traversability_optimizer_type_adam_lr_decay_type_cos_UnFreeze_Epoch_1_time_2025-02-16-15-38-27-Sunday/ht_result_dict.txt,3.0,0.6279095412595005
train_data/sum_train_hunter_se_infer/height_bias-train_backbone_nonoiseref_traversability_optimizer_type_adam_lr_decay_type_cos_UnFreeze_Epoch_1_time_2025-02-16-15-38-27-Sunday/ht_result_dict.txt,3.5,0.5977750067861021
train_data/sum_train_hunter_se_infer/height_bias-train_backbone_nonoiseref_traversability_optimizer_type_adam_lr_decay_type_cos_UnFreeze_Epoch_1_time_2025-02-16-15-38-27-Sunday/ht_result_dict.txt,4.0,0.5777390404451683
train_data/sum_train_hunter_se_infer/height_bias-train_backbone_nonoiseref_traversability_optimizer_type_adam_lr_decay_type_cos_UnFreeze_Epoch_1_time_2025-02-16-15-38-27-Sunday/ht_result_dict.txt,4.5,0.5642262147122693
train_data/sum_train_hunter_se_infer/height_bias-train_backbone_nonoiseref_traversability_optimizer_type_adam_lr_decay_type_cos_UnFreeze_Epoch_1_time_2025-02-16-15-38-27-Sunday/ht_result_dict.txt,5.0,0.5549547027687296
train_data/sum_train_hunter_se_infer/height_bias-train_backbone_nonoiseref_traversability_optimizer_type_adam_lr_decay_type_cos_UnFreeze_Epoch_1_time_2025-02-16-15-38-27-Sunday/ht_result_dict.txt,5.5,0.5475875407166124
train_data/sum_train_hunter_se_infer/height_bias-train_backbone_nonoiseref_traversability_optimizer_type_adam_lr_decay_type_cos_UnFreeze_Epoch_1_time_2025-02-16-15-38-27-Sunday/ht_result_dict.txt,6.0,0.5417557342562432
train_data/sum_train_hunter_se_infer/height_bias-train_backbone_nonoiseref_traversability_optimizer_type_adam_lr_decay_type_cos_UnFreeze_Epoch_1_time_2025-02-16-15-38-27-Sunday/ht_result_dict.txt,6.5,0.5370690825190011
train_data/sum_train_hunter_se_infer/height_bias-train_backbone_nonoiseref_traversability_optimizer_type_adam_lr_decay_type_cos_UnFreeze_Epoch_1_time_2025-02-16-15-38-27-Sunday/ht_result_dict.txt,7.0,0.5330186278501629
train_data/sum_train_hunter_se_infer/height_bias-train_backbone_nonoiseref_traversability_optimizer_type_adam_lr_decay_type_cos_UnFreeze_Epoch_1_time_2025-02-16-15-38-27-Sunday/ht_result_dict.txt,7.5,0.5294007871878393
train_data/sum_train_hunter_se_infer/height_bias-train_backbone_nonoiseref_traversability_optimizer_type_adam_lr_decay_type_cos_UnFreeze_Epoch_1_time_2025-02-16-15-38-27-Sunday/ht_result_dict.txt,8.0,0.5263767304560261
train_data/sum_train_hunter_se_infer/height_bias-train_backbone_nonoiseref_traversability_optimizer_type_adam_lr_decay_type_cos_UnFreeze_Epoch_1_time_2025-02-16-15-38-27-Sunday/ht_result_dict.txt,8.5,0.5235477741585234
train_data/sum_train_hunter_se_infer/height_bias-train_backbone_nonoiseref_traversability_optimizer_type_adam_lr_decay_type_cos_UnFreeze_Epoch_1_time_2025-02-16-15-38-27-Sunday/ht_result_dict.txt,9.0,0.5212956365363735
train_data/sum_train_hunter_se_infer/height_bias-train_backbone_nonoiseref_traversability_optimizer_type_adam_lr_decay_type_cos_UnFreeze_Epoch_1_time_2025-02-16-15-38-27-Sunday/ht_result_dict.txt,9.5,0.519094394679696
train_data/sum_train_hunter_se_infer/height_bias-train_backbone_nonoiseref_traversability_optimizer_type_adam_lr_decay_type_cos_UnFreeze_Epoch_1_time_2025-02-16-15-38-27-Sunday/ht_result_dict.txt,10.0,0.5171009771986971
train_data/sum_train_hunter_se_infer/height_bias-train_backbone_nonoiseref_traversability_optimizer_type_adam_lr_decay_type_cos_UnFreeze_Epoch_1_time_2025-02-17-12-01-09-Monday/ht_result_dict.txt,0.0,0.8823404903820103
train_data/sum_train_scout_infer/height_bias-train_backbone_no_noise_noaddCEloss_ht_traversability_new_F_student_grad_res_c_16_reduce_scout_optimizer_type_adam_lr_decay_type__UnFreeze_Epoch_1_time_2025-02-21-17-22-14-Friday/ht_result_dict.txt,0.0,0.8833720521358114
train_data/sum_train_scout_infer/height_bias-train_backbone_no_noise_noaddCEloss_ht_traversability_new_F_student_grad_res_c_16_reduce_scout_optimizer_type_adam_lr_decay_type__UnFreeze_Epoch_1_time_2025-02-21-17-40-10-Friday/ht_result_dict.txt,-10.0,0.8831176724105045
train_data/sum_train_scout_infer/height_bias-train_backbone_no_noise_noaddCEloss_ht_traversability_new_F_student_grad_res_c_16_reduce_scout_optimizer_type_adam_lr_decay_type__UnFreeze_Epoch_1_time_2025-02-21-17-40-10-Friday/ht_result_dict.txt,-8.0,0.8831254313732015
train_data/sum_train_scout_infer/height_bias-train_backbone_no_noise_noaddCEloss_ht_traversability_new_F_student_grad_res_c_16_reduce_scout_optimizer_type_adam_lr_decay_type__UnFreeze_Epoch_1_time_2025-02-21-17-40-10-Friday/ht_result_dict.txt,-6.0,0.8831258617598435
train_data/sum_train_scout_infer/height_bias-train_backbone_no_noise_noaddCEloss_ht_traversability_new_F_student_grad_res_c_16_reduce_scout_optimizer_type_adam_lr_decay_type__UnFreeze_Epoch_1_time_2025-02-21-17-40-10-Friday/ht_result_dict.txt,-4.0,0.8831215515794425
train_data/sum_train_scout_infer/height_bias-train_backbone_no_noise_noaddCEloss_ht_traversability_new_F_student_grad_res_c_16_reduce_scout_optimizer_type_adam_lr_decay_type__UnFreeze_Epoch_1_time_2025-02-21-17-40-10-Friday/ht_result_dict.txt,-2.0,0.8831206896222871
train_data/sum_train_scout_infer/height_bias-train_backbone_no_noise_noaddCEloss_ht_traversability_new_F_student_grad_res_c_16_reduce_scout_optimizer_type_adam_lr_decay_type__UnFreeze_Epoch_1_time_2025-02-21-17-40-10-Friday/ht_result_dict.txt,0.0,0.88312672434182
train_data/sum_train_scout_infer/height_bias-train_backbone_no_noise_noaddCEloss_ht_traversability_new_F_student_grad_res_c_16_reduce_scout_optimizer_type_adam_lr_decay_type__UnFreeze_Epoch_1_time_2025-02-21-17-40-10-Friday/ht_result_dict.txt,2.0,0.883122844696045
train_data/sum_train_scout_infer/height_bias-train_backbone_no_noise_noaddCEloss_ht_traversability_new_F_student_grad_res_c_16_reduce_scout_optimizer_type_adam_lr_decay_type__UnFreeze_Epoch_1_time_2025-02-21-17-40-10-Friday/ht_result_dict.txt,4.0,0.883126723716999
train_data/sum_train_scout_infer/height_bias-train_backbone_no_noise_noaddCEloss_ht_traversability_new_F_student_grad_res_c_16_reduce_scout_optimizer_type_adam_lr_decay_type__UnFreeze_Epoch_1_time_2025-02-21-17-40-10-Friday/ht_result_dict.txt,6.0,0.8831224136188113
train_data/sum_train_scout_infer/height_bias-train_backbone_no_noise_noaddCEloss_ht_traversability_new_F_student_grad_res_c_16_reduce_scout_optimizer_type_adam_lr_decay_type__UnFreeze_Epoch_1_time_2025-02-21-17-40-10-Friday/ht_result_dict.txt,8.0,0.8831228449097995
train_data/sum_train_scout_infer/height_bias-train_backbone_no_noise_noaddCEloss_ht_traversability_new_F_student_grad_res_c_16_reduce_scout_optimizer_type_adam_lr_decay_type__UnFreeze_Epoch_1_time_2025-02-21-17-40-10-Friday/ht_result_dict.txt,10.0,0.8831185349760384
train_data/sum_train_scout_infer_new/train_scout_backbone_nonoiseht_vit_b_16_grad_1_scout_optimizer_type_adam_lr_decay_type_cos_UnFreeze_Epoch_1_time_2025-02-17-13-38-34-Monday/ht_result_dict.txt,0.0,0.8899975038828489
train_data/sum_train_scout_infer_new/train_scout_backbone_nonoiseht_vit_b_16_optimizer_type_adam_lr_decay_type_cos_UnFreeze_Epoch_1_time_2025-02-17-12-32-21-Monday/ht_result_dict.txt,0.0,0.5000034668293766
train_data/sum_train_scout_infer_new/train_scout_backbone_nonoiseht_vit_b_16_optimizer_type_adam_lr_decay_type_cos_UnFreeze_Epoch_1_time_2025-02-17-13-22-47-Monday/ht_result_dict.txt,0.0,0.886263728644331
train_data/sum_train_scout_infer_new/train_scout_backbone_nonoiseref_traversability_optimizer_type_adam_lr_decay_type_cos_UnFreeze_Epoch_1_time_2025-02-17-14-32-05-Monday/ht_result_dict.txt,0.0,0.8701256378966052
train_data/sum_train_scout_infer_new1/train_scout_backbone_nonoiseht_vit_b_16_grad_1_scout_optimizer_type_adam_lr_decay_type_cos_UnFreeze_Epoch_1_time_2025-02-17-14-53-12-Monday/ht_result_dict.txt,-10.0,0.8896803287731686
train_data/sum_train_scout_infer_new1/train_scout_backbone_nonoiseht_vit_b_16_grad_1_scout_optimizer_type_adam_lr_decay_type_cos_UnFreeze_Epoch_1_time_2025-02-17-14-53-12-Monday/ht_result_dict.txt,-9.5,0.8896803287731686
train_data/sum_train_scout_infer_new1/train_scout_backbone_nonoiseht_vit_b_16_grad_1_scout_optimizer_type_adam_lr_decay_type_cos_UnFreeze_Epoch_1_time_2025-02-17-14-53-12-Monday/ht_result_dict.txt,-9.0,0.889683776478376
train_data/sum_train_scout_infer_new1/train_scout_backbone_nonoiseht_vit_b_16_grad_1_scout_optimizer_type_adam_lr_decay_type_cos_UnFreeze_Epoch_1_time_2025-02-17-14-53-12-Monday/ht_result_dict.txt,-8.5,0.8896872241835834
train_data/sum_train_scout_infer_new1/train_scout_backbone_nonoiseht_vit_b_16_grad_1_scout_optimizer_type_adam_lr_decay_type_cos_UnFreeze_Epoch_1_time_2025-02-17-14-53-12-Monday/ht_result_dict.txt,-8.0,0.8896803287731686
train_data/sum_train_scout_infer_new1/train_scout_backbone_nonoiseht_vit_b_16_grad_1_scout_optimizer_type_adam_lr_decay_type_cos_UnFreeze_Epoch_1_time_2025-02-17-14-53-12-Monday/ht_result_dict.txt,-7.5,0.889683776478376
train_data/sum_train_scout_infer_new1/train_scout_backbone_nonoiseht_vit_b_16_grad_1_scout_optimizer_type_adam_lr_decay_type_cos_UnFreeze_Epoch_1_time_2025-02-17-14-53-12-Monday/ht_result_dict.txt,-7.0,0.8896803287731686
train_data/sum_train_scout_infer_new1/train_scout_backbone_nonoiseht_vit_b_16_grad_1_scout_optimizer_type_adam_lr_decay_type_cos_UnFreeze_Epoch_1_time_2025-02-17-14-53-12-Monday/ht_result_dict.txt,-6.5,0.8896803287731686
train_data/sum_train_scout_infer_new1/train_scout_backbone_nonoiseht_vit_b_16_grad_1_scout_optimizer_type_adam_lr_decay_type_cos_UnFreeze_Epoch_1_time_2025-02-17-14-53-12-Monday/ht_result_dict.txt,-6.0,0.8896803287731686
train_data/sum_train_scout_infer_new1/train_scout_backbone_nonoiseht_vit_b_16_grad_1_scout_optimizer_type_adam_lr_decay_type_cos_UnFreeze_Epoch_1_time_2025-02-17-14-53-12-Monday/ht_result_dict.txt,-5.5,0.8896872241835834
train_data/sum_train_scout_infer_new1/train_scout_backbone_nonoiseht_vit_b_16_grad_1_scout_optimizer_type_adam_lr_decay_type_cos_UnFreeze_Epoch_1_time_2025-02-17-14-53-12-Monday/ht_result_dict.txt,-5.0,0.889683776478376
train_data/sum_train_scout_infer_new1/train_scout_backbone_nonoiseht_vit_b_16_grad_1_scout_optimizer_type_adam_lr_decay_type_cos_UnFreeze_Epoch_1_time_2025-02-17-14-53-12-Monday/ht_result_dict.txt,-4.5,0.889683776478376
train_data/sum_train_scout_infer_new1/train_scout_backbone_nonoiseht_vit_b_16_grad_1_scout_optimizer_type_adam_lr_decay_type_cos_UnFreeze_Epoch_1_time_2025-02-17-14-53-12-Monday/ht_result_dict.txt,-4.0,0.8896803287731686
train_data/sum_train_scout_infer_new1/train_scout_backbone_nonoiseht_vit_b_16_grad_1_scout_optimizer_type_adam_lr_decay_type_cos_UnFreeze_Epoch_1_time_2025-02-17-14-53-12-Monday/ht_result_dict.txt,-3.5,0.8896872241835834
train_data/sum_train_scout_infer_new1/train_scout_backbone_nonoiseht_vit_b_16_grad_1_scout_optimizer_type_adam_lr_decay_type_cos_UnFreeze_Epoch_1_time_2025-02-17-14-53-12-Monday/ht_result_dict.txt,-3.0,0.8896803287731686
train_data/sum_train_scout_infer_new1/train_scout_backbone_nonoiseht_vit_b_16_grad_1_scout_optimizer_type_adam_lr_decay_type_cos_UnFreeze_Epoch_1_time_2025-02-17-14-53-12-Monday/ht_result_dict.txt,-2.5,0.889683776478376
train_data/sum_train_scout_infer_new1/train_scout_backbone_nonoiseht_vit_b_16_grad_1_scout_optimizer_type_adam_lr_decay_type_cos_UnFreeze_Epoch_1_time_2025-02-17-14-53-12-Monday/ht_result_dict.txt,-2.0,0.8896803287731686
train_data/sum_train_scout_infer_new1/train_scout_backbone_nonoiseht_vit_b_16_grad_1_scout_optimizer_type_adam_lr_decay_type_cos_UnFreeze_Epoch_1_time_2025-02-17-14-53-12-Monday/ht_result_dict.txt,-1.5,0.889683776478376
train_data/sum_train_scout_infer_new1/train_scout_backbone_nonoiseht_vit_b_16_grad_1_scout_optimizer_type_adam_lr_decay_type_cos_UnFreeze_Epoch_1_time_2025-02-17-14-53-12-Monday/ht_result_dict.txt,-1.0,0.8896803287731686
train_data/sum_train_scout_infer_new1/train_scout_backbone_nonoiseht_vit_b_16_grad_1_scout_optimizer_type_adam_lr_decay_type_cos_UnFreeze_Epoch_1_time_2025-02-17-14-53-12-Monday/ht_result_dict.txt,-0.5,0.8896872241835834
train_data/sum_train_scout_infer_new1/train_scout_backbone_nonoiseht_vit_b_16_grad_1_scout_optimizer_type_adam_lr_decay_type_cos_UnFreeze_Epoch_1_time_2025-02-17-14-53-12-Monday/ht_result_dict.txt,0.0,0.8896803287731686
train_data/sum_train_scout_infer_new1/train_scout_backbone_nonoiseht_vit_b_16_grad_1_scout_optimizer_type_adam_lr_decay_type_cos_UnFreeze_Epoch_1_time_2025-02-17-14-53-12-Monday/ht_result_dict.txt,0.5,0.8896803287731686
train_data/sum_train_scout_infer_new1/train_scout_backbone_nonoiseht_vit_b_16_grad_1_scout_optimizer_type_adam_lr_decay_type_cos_UnFreeze_Epoch_1_time_2025-02-17-14-53-12-Monday/ht_result_dict.txt,1.0,0.8896803287731686
train_data/sum_train_scout_infer_new1/train_scout_backbone_nonoiseht_vit_b_16_grad_1_scout_optimizer_type_adam_lr_decay_type_cos_UnFreeze_Epoch_1_time_2025-02-17-14-53-12-Monday/ht_result_dict.txt,1.5,0.8896803287731686
train_data/sum_train_scout_infer_new1/train_scout_backbone_nonoiseht_vit_b_16_grad_1_scout_optimizer_type_adam_lr_decay_type_cos_UnFreeze_Epoch_1_time_2025-02-17-14-53-12-Monday/ht_result_dict.txt,2.0,0.8896803287731686
train_data/sum_train_scout_infer_new1/train_scout_backbone_nonoiseht_vit_b_16_grad_1_scout_optimizer_type_adam_lr_decay_type_cos_UnFreeze_Epoch_1_time_2025-02-17-14-53-12-Monday/ht_result_dict.txt,2.5,0.8896803287731686
train_data/sum_train_scout_infer_new1/train_scout_backbone_nonoiseht_vit_b_16_grad_1_scout_optimizer_type_adam_lr_decay_type_cos_UnFreeze_Epoch_1_time_2025-02-17-14-53-12-Monday/ht_result_dict.txt,3.0,0.8896803287731686
train_data/sum_train_scout_infer_new1/train_scout_backbone_nonoiseht_vit_b_16_grad_1_scout_optimizer_type_adam_lr_decay_type_cos_UnFreeze_Epoch_1_time_2025-02-17-14-53-12-Monday/ht_result_dict.txt,3.5,0.8896803287731686
train_data/sum_train_scout_infer_new1/train_scout_backbone_nonoiseht_vit_b_16_grad_1_scout_optimizer_type_adam_lr_decay_type_cos_UnFreeze_Epoch_1_time_2025-02-17-14-53-12-Monday/ht_result_dict.txt,4.0,0.8896872241835834
train_data/sum_train_scout_infer_new1/train_scout_backbone_nonoiseht_vit_b_16_grad_1_scout_optimizer_type_adam_lr_decay_type_cos_UnFreeze_Epoch_1_time_2025-02-17-14-53-12-Monday/ht_result_dict.txt,4.5,0.8896803287731686
train_data/sum_train_scout_infer_new1/train_scout_backbone_nonoiseht_vit_b_16_grad_1_scout_optimizer_type_adam_lr_decay_type_cos_UnFreeze_Epoch_1_time_2025-02-17-14-53-12-Monday/ht_result_dict.txt,5.0,0.8896803287731686
train_data/sum_train_scout_infer_new1/train_scout_backbone_nonoiseht_vit_b_16_grad_1_scout_optimizer_type_adam_lr_decay_type_cos_UnFreeze_Epoch_1_time_2025-02-17-14-53-12-Monday/ht_result_dict.txt,5.5,0.889683776478376
train_data/sum_train_scout_infer_new1/train_scout_backbone_nonoiseht_vit_b_16_grad_1_scout_optimizer_type_adam_lr_decay_type_cos_UnFreeze_Epoch_1_time_2025-02-17-14-53-12-Monday/ht_result_dict.txt,6.0,0.8896803287731686
train_data/sum_train_scout_infer_new1/train_scout_backbone_nonoiseht_vit_b_16_grad_1_scout_optimizer_type_adam_lr_decay_type_cos_UnFreeze_Epoch_1_time_2025-02-17-14-53-12-Monday/ht_result_dict.txt,6.5,0.8896803287731686
train_data/sum_train_scout_infer_new1/train_scout_backbone_nonoiseht_vit_b_16_grad_1_scout_optimizer_type_adam_lr_decay_type_cos_UnFreeze_Epoch_1_time_2025-02-17-14-53-12-Monday/ht_result_dict.txt,7.0,0.8896803287731686
train_data/sum_train_scout_infer_new1/train_scout_backbone_nonoiseht_vit_b_16_grad_1_scout_optimizer_type_adam_lr_decay_type_cos_UnFreeze_Epoch_1_time_2025-02-17-14-53-12-Monday/ht_result_dict.txt,7.5,0.8896803287731686
train_data/sum_train_scout_infer_new1/train_scout_backbone_nonoiseht_vit_b_16_grad_1_scout_optimizer_type_adam_lr_decay_type_cos_UnFreeze_Epoch_1_time_2025-02-17-14-53-12-Monday/ht_result_dict.txt,8.0,0.8896803287731686
train_data/sum_train_scout_infer_new1/train_scout_backbone_nonoiseht_vit_b_16_grad_1_scout_optimizer_type_adam_lr_decay_type_cos_UnFreeze_Epoch_1_time_2025-02-17-14-53-12-Monday/ht_result_dict.txt,8.5,0.889683776478376
train_data/sum_train_scout_infer_new1/train_scout_backbone_nonoiseht_vit_b_16_grad_1_scout_optimizer_type_adam_lr_decay_type_cos_UnFreeze_Epoch_1_time_2025-02-17-14-53-12-Monday/ht_result_dict.txt,9.0,0.889683776478376
train_data/sum_train_scout_infer_new1/train_scout_backbone_nonoiseht_vit_b_16_grad_1_scout_optimizer_type_adam_lr_decay_type_cos_UnFreeze_Epoch_1_time_2025-02-17-14-53-12-Monday/ht_result_dict.txt,9.5,0.8896803287731686
train_data/sum_train_scout_infer_new1/train_scout_backbone_nonoiseht_vit_b_16_grad_1_scout_optimizer_type_adam_lr_decay_type_cos_UnFreeze_Epoch_1_time_2025-02-17-14-53-12-Monday/ht_result_dict.txt,10.0,0.889683776478376
train_data/sum_train_scout_infer_new1/train_scout_backbone_nonoiseht_vit_b_16_optimizer_type_adam_lr_decay_type_cos_UnFreeze_Epoch_1_time_2025-02-17-14-54-35-Monday/ht_result_dict.txt,-10.0,0.4999931045895852
train_data/sum_train_scout_infer_new1/train_scout_backbone_nonoiseht_vit_b_16_optimizer_type_adam_lr_decay_type_cos_UnFreeze_Epoch_1_time_2025-02-17-14-54-35-Monday/ht_result_dict.txt,-9.5,0.5
train_data/sum_train_scout_infer_new1/train_scout_backbone_nonoiseht_vit_b_16_optimizer_type_adam_lr_decay_type_cos_UnFreeze_Epoch_1_time_2025-02-17-14-54-35-Monday/ht_result_dict.txt,-9.0,0.5000068954104149
train_data/sum_train_scout_infer_new1/train_scout_backbone_nonoiseht_vit_b_16_optimizer_type_adam_lr_decay_type_cos_UnFreeze_Epoch_1_time_2025-02-17-14-54-35-Monday/ht_result_dict.txt,-8.5,0.5
train_data/sum_train_scout_infer_new1/train_scout_backbone_nonoiseht_vit_b_16_optimizer_type_adam_lr_decay_type_cos_UnFreeze_Epoch_1_time_2025-02-17-14-54-35-Monday/ht_result_dict.txt,-8.0,0.5
train_data/sum_train_scout_infer_new1/train_scout_backbone_nonoiseht_vit_b_16_optimizer_type_adam_lr_decay_type_cos_UnFreeze_Epoch_1_time_2025-02-17-14-54-35-Monday/ht_result_dict.txt,-7.5,0.5
train_data/sum_train_scout_infer_new1/train_scout_backbone_nonoiseht_vit_b_16_optimizer_type_adam_lr_decay_type_cos_UnFreeze_Epoch_1_time_2025-02-17-14-54-35-Monday/ht_result_dict.txt,-7.0,0.5
train_data/sum_train_scout_infer_new1/train_scout_backbone_nonoiseht_vit_b_16_optimizer_type_adam_lr_decay_type_cos_UnFreeze_Epoch_1_time_2025-02-17-14-54-35-Monday/ht_result_dict.txt,-6.5,0.5
train_data/sum_train_scout_infer_new1/train_scout_backbone_nonoiseht_vit_b_16_optimizer_type_adam_lr_decay_type_cos_UnFreeze_Epoch_1_time_2025-02-17-14-54-35-Monday/ht_result_dict.txt,-6.0,0.5000034477052074
train_data/sum_train_scout_infer_new1/train_scout_backbone_nonoiseht_vit_b_16_optimizer_type_adam_lr_decay_type_cos_UnFreeze_Epoch_1_time_2025-02-17-14-54-35-Monday/ht_result_dict.txt,-5.5,0.49998965688437774
train_data/sum_train_scout_infer_new1/train_scout_backbone_nonoiseht_vit_b_16_optimizer_type_adam_lr_decay_type_cos_UnFreeze_Epoch_1_time_2025-02-17-14-54-35-Monday/ht_result_dict.txt,-5.0,0.5000034477052074
train_data/sum_train_scout_infer_new1/train_scout_backbone_nonoiseht_vit_b_16_optimizer_type_adam_lr_decay_type_cos_UnFreeze_Epoch_1_time_2025-02-17-14-54-35-Monday/ht_result_dict.txt,-4.5,0.5
train_data/sum_train_scout_infer_new1/train_scout_backbone_nonoiseht_vit_b_16_optimizer_type_adam_lr_decay_type_cos_UnFreeze_Epoch_1_time_2025-02-17-14-54-35-Monday/ht_result_dict.txt,-4.0,0.5
train_data/sum_train_scout_infer_new1/train_scout_backbone_nonoiseht_vit_b_16_optimizer_type_adam_lr_decay_type_cos_UnFreeze_Epoch_1_time_2025-02-17-14-54-35-Monday/ht_result_dict.txt,-3.5,0.5000758495145631
train_data/sum_train_scout_infer_new1/train_scout_backbone_nonoiseht_vit_b_16_optimizer_type_adam_lr_decay_type_cos_UnFreeze_Epoch_1_time_2025-02-17-14-54-35-Monday/ht_result_dict.txt,-3.0,0.5022858285525155
train_data/sum_train_scout_infer_new1/train_scout_backbone_nonoiseht_vit_b_16_optimizer_type_adam_lr_decay_type_cos_UnFreeze_Epoch_1_time_2025-02-17-14-54-35-Monday/ht_result_dict.txt,-2.5,0.5147458351721095
train_data/sum_train_scout_infer_new1/train_scout_backbone_nonoiseht_vit_b_16_optimizer_type_adam_lr_decay_type_cos_UnFreeze_Epoch_1_time_2025-02-17-14-54-35-Monday/ht_result_dict.txt,-2.0,0.5540358837157988
train_data/sum_train_scout_infer_new1/train_scout_backbone_nonoiseht_vit_b_16_optimizer_type_adam_lr_decay_type_cos_UnFreeze_Epoch_1_time_2025-02-17-14-54-35-Monday/ht_result_dict.txt,-1.5,0.6042034421888791
train_data/sum_train_scout_infer_new1/train_scout_backbone_nonoiseht_vit_b_16_optimizer_type_adam_lr_decay_type_cos_UnFreeze_Epoch_1_time_2025-02-17-14-54-35-Monday/ht_result_dict.txt,-1.0,0.7527891935127978
train_data/sum_train_scout_infer_new1/train_scout_backbone_nonoiseht_vit_b_16_optimizer_type_adam_lr_decay_type_cos_UnFreeze_Epoch_1_time_2025-02-17-14-54-35-Monday/ht_result_dict.txt,-0.5,0.869711220211827
train_data/sum_train_scout_infer_new1/train_scout_backbone_nonoiseht_vit_b_16_optimizer_type_adam_lr_decay_type_cos_UnFreeze_Epoch_1_time_2025-02-17-14-54-35-Monday/ht_result_dict.txt,0.0,0.886501544571933
train_data/sum_train_scout_infer_new1/train_scout_backbone_nonoiseht_vit_b_16_optimizer_type_adam_lr_decay_type_cos_UnFreeze_Epoch_1_time_2025-02-17-14-54-35-Monday/ht_result_dict.txt,0.5,0.8751068788614298
train_data/sum_train_scout_infer_new1/train_scout_backbone_nonoiseht_vit_b_16_optimizer_type_adam_lr_decay_type_cos_UnFreeze_Epoch_1_time_2025-02-17-14-54-35-Monday/ht_result_dict.txt,1.0,0.8408297936893204
train_data/sum_train_scout_infer_new1/train_scout_backbone_nonoiseht_vit_b_16_optimizer_type_adam_lr_decay_type_cos_UnFreeze_Epoch_1_time_2025-02-17-14-54-35-Monday/ht_result_dict.txt,1.5,0.7653353927625772
train_data/sum_train_scout_infer_new1/train_scout_backbone_nonoiseht_vit_b_16_optimizer_type_adam_lr_decay_type_cos_UnFreeze_Epoch_1_time_2025-02-17-14-54-35-Monday/ht_result_dict.txt,2.0,0.6157980748014121
train_data/sum_train_scout_infer_new1/train_scout_backbone_nonoiseht_vit_b_16_optimizer_type_adam_lr_decay_type_cos_UnFreeze_Epoch_1_time_2025-02-17-14-54-35-Monday/ht_result_dict.txt,2.5,0.5070091846866726
train_data/sum_train_scout_infer_new1/train_scout_backbone_nonoiseht_vit_b_16_optimizer_type_adam_lr_decay_type_cos_UnFreeze_Epoch_1_time_2025-02-17-14-54-35-Monday/ht_result_dict.txt,3.0,0.5
train_data/sum_train_scout_infer_new1/train_scout_backbone_nonoiseht_vit_b_16_optimizer_type_adam_lr_decay_type_cos_UnFreeze_Epoch_1_time_2025-02-17-14-54-35-Monday/ht_result_dict.txt,3.5,0.4999931045895852
train_data/sum_train_scout_infer_new1/train_scout_backbone_nonoiseht_vit_b_16_optimizer_type_adam_lr_decay_type_cos_UnFreeze_Epoch_1_time_2025-02-17-14-54-35-Monday/ht_result_dict.txt,4.0,0.5000034477052074
train_data/sum_train_scout_infer_new1/train_scout_backbone_nonoiseht_vit_b_16_optimizer_type_adam_lr_decay_type_cos_UnFreeze_Epoch_1_time_2025-02-17-14-54-35-Monday/ht_result_dict.txt,4.5,0.4999931045895852
train_data/sum_train_scout_infer_new1/train_scout_backbone_nonoiseht_vit_b_16_optimizer_type_adam_lr_decay_type_cos_UnFreeze_Epoch_1_time_2025-02-17-14-54-35-Monday/ht_result_dict.txt,5.0,0.5
train_data/sum_train_scout_infer_new1/train_scout_backbone_nonoiseht_vit_b_16_optimizer_type_adam_lr_decay_type_cos_UnFreeze_Epoch_1_time_2025-02-17-14-54-35-Monday/ht_result_dict.txt,5.5,0.5
train_data/sum_train_scout_infer_new1/train_scout_backbone_nonoiseht_vit_b_16_optimizer_type_adam_lr_decay_type_cos_UnFreeze_Epoch_1_time_2025-02-17-14-54-35-Monday/ht_result_dict.txt,6.0,0.5000034477052074
train_data/sum_train_scout_infer_new1/train_scout_backbone_nonoiseht_vit_b_16_optimizer_type_adam_lr_decay_type_cos_UnFreeze_Epoch_1_time_2025-02-17-14-54-35-Monday/ht_result_dict.txt,6.5,0.5
train_data/sum_train_scout_infer_new1/train_scout_backbone_nonoiseht_vit_b_16_optimizer_type_adam_lr_decay_type_cos_UnFreeze_Epoch_1_time_2025-02-17-14-54-35-Monday/ht_result_dict.txt,7.0,0.5
train_data/sum_train_scout_infer_new1/train_scout_backbone_nonoiseht_vit_b_16_optimizer_type_adam_lr_decay_type_cos_UnFreeze_Epoch_1_time_2025-02-17-14-54-35-Monday/ht_result_dict.txt,7.5,0.5000034477052074
train_data/sum_train_scout_infer_new1/train_scout_backbone_nonoiseht_vit_b_16_optimizer_type_adam_lr_decay_type_cos_UnFreeze_Epoch_1_time_2025-02-17-14-54-35-Monday/ht_result_dict.txt,8.0,0.5000034477052074
train_data/sum_train_scout_infer_new1/train_scout_backbone_nonoiseht_vit_b_16_optimizer_type_adam_lr_decay_type_cos_UnFreeze_Epoch_1_time_2025-02-17-14-54-35-Monday/ht_result_dict.txt,8.5,0.5000068954104149
train_data/sum_train_scout_infer_new1/train_scout_backbone_nonoiseht_vit_b_16_optimizer_type_adam_lr_decay_type_cos_UnFreeze_Epoch_1_time_2025-02-17-14-54-35-Monday/ht_result_dict.txt,9.0,0.5
train_data/sum_train_scout_infer_new1/train_scout_backbone_nonoiseht_vit_b_16_optimizer_type_adam_lr_decay_type_cos_UnFreeze_Epoch_1_time_2025-02-17-14-54-35-Monday/ht_result_dict.txt,9.5,0.5
train_data/sum_train_scout_infer_new1/train_scout_backbone_nonoiseht_vit_b_16_optimizer_type_adam_lr_decay_type_cos_UnFreeze_Epoch_1_time_2025-02-17-14-54-35-Monday/ht_result_dict.txt,10.0,0.4999931045895852
train_data/sum_train_scout_infer_new1/train_scout_backbone_nonoiseref_traversability_optimizer_type_adam_lr_decay_type_cos_UnFreeze_Epoch_1_time_2025-02-17-15-03-43-Monday/ht_result_dict.txt,-10.0,0.49294944285083847
train_data/sum_train_scout_infer_new1/train_scout_backbone_nonoiseref_traversability_optimizer_type_adam_lr_decay_type_cos_UnFreeze_Epoch_1_time_2025-02-17-15-03-43-Monday/ht_result_dict.txt,-9.5,0.496052377537511
train_data/sum_train_scout_infer_new1/train_scout_backbone_nonoiseref_traversability_optimizer_type_adam_lr_decay_type_cos_UnFreeze_Epoch_1_time_2025-02-17-15-03-43-Monday/ht_result_dict.txt,-9.0,0.4976486650485437
train_data/sum_train_scout_infer_new1/train_scout_backbone_nonoiseref_traversability_optimizer_type_adam_lr_decay_type_cos_UnFreeze_Epoch_1_time_2025-02-17-15-03-43-Monday/ht_result_dict.txt,-8.5,0.49875193071491614
train_data/sum_train_scout_infer_new1/train_scout_backbone_nonoiseref_traversability_optimizer_type_adam_lr_decay_type_cos_UnFreeze_Epoch_1_time_2025-02-17-15-03-43-Monday/ht_result_dict.txt,-8.0,0.4993139066637246
train_data/sum_train_scout_infer_new1/train_scout_backbone_nonoiseref_traversability_optimizer_type_adam_lr_decay_type_cos_UnFreeze_Epoch_1_time_2025-02-17-15-03-43-Monday/ht_result_dict.txt,-7.5,0.49966557259488087
train_data/sum_train_scout_infer_new1/train_scout_backbone_nonoiseref_traversability_optimizer_type_adam_lr_decay_type_cos_UnFreeze_Epoch_1_time_2025-02-17-15-03-43-Monday/ht_result_dict.txt,-7.0,0.49983451015004415
train_data/sum_train_scout_infer_new1/train_scout_backbone_nonoiseref_traversability_optimizer_type_adam_lr_decay_type_cos_UnFreeze_Epoch_1_time_2025-02-17-15-03-43-Monday/ht_result_dict.txt,-6.5,0.49991035966460723
train_data/sum_train_scout_infer_new1/train_scout_backbone_nonoiseref_traversability_optimizer_type_adam_lr_decay_type_cos_UnFreeze_Epoch_1_time_2025-02-17-15-03-43-Monday/ht_result_dict.txt,-6.0,0.49991380736981467
train_data/sum_train_scout_infer_new1/train_scout_backbone_nonoiseref_traversability_optimizer_type_adam_lr_decay_type_cos_UnFreeze_Epoch_1_time_2025-02-17-15-03-43-Monday/ht_result_dict.txt,-5.5,0.49993104589585174
train_data/sum_train_scout_infer_new1/train_scout_backbone_nonoiseref_traversability_optimizer_type_adam_lr_decay_type_cos_UnFreeze_Epoch_1_time_2025-02-17-15-03-43-Monday/ht_result_dict.txt,-5.0,0.4999275981906443
train_data/sum_train_scout_infer_new1/train_scout_backbone_nonoiseref_traversability_optimizer_type_adam_lr_decay_type_cos_UnFreeze_Epoch_1_time_2025-02-17-15-03-43-Monday/ht_result_dict.txt,-4.5,0.4999207027802295
train_data/sum_train_scout_infer_new1/train_scout_backbone_nonoiseref_traversability_optimizer_type_adam_lr_decay_type_cos_UnFreeze_Epoch_1_time_2025-02-17-15-03-43-Monday/ht_result_dict.txt,-4.0,0.4999275981906443
train_data/sum_train_scout_infer_new1/train_scout_backbone_nonoiseref_traversability_optimizer_type_adam_lr_decay_type_cos_UnFreeze_Epoch_1_time_2025-02-17-15-03-43-Monday/ht_result_dict.txt,-3.5,0.49993104589585174
train_data/sum_train_scout_infer_new1/train_scout_backbone_nonoiseref_traversability_optimizer_type_adam_lr_decay_type_cos_UnFreeze_Epoch_1_time_2025-02-17-15-03-43-Monday/ht_result_dict.txt,-3.0,0.4999275981906443
train_data/sum_train_scout_infer_new1/train_scout_backbone_nonoiseref_traversability_optimizer_type_adam_lr_decay_type_cos_UnFreeze_Epoch_1_time_2025-02-17-15-03-43-Monday/ht_result_dict.txt,-2.5,0.49991380736981467
train_data/sum_train_scout_infer_new1/train_scout_backbone_nonoiseref_traversability_optimizer_type_adam_lr_decay_type_cos_UnFreeze_Epoch_1_time_2025-02-17-15-03-43-Monday/ht_result_dict.txt,-2.0,0.5031960227272727
train_data/sum_train_scout_infer_new1/train_scout_backbone_nonoiseref_traversability_optimizer_type_adam_lr_decay_type_cos_UnFreeze_Epoch_1_time_2025-02-17-15-03-43-Monday/ht_result_dict.txt,-1.5,0.5154698532656664
train_data/sum_train_scout_infer_new1/train_scout_backbone_nonoiseref_traversability_optimizer_type_adam_lr_decay_type_cos_UnFreeze_Epoch_1_time_2025-02-17-15-03-43-Monday/ht_result_dict.txt,-1.0,0.5527257557369815
train_data/sum_train_scout_infer_new1/train_scout_backbone_nonoiseref_traversability_optimizer_type_adam_lr_decay_type_cos_UnFreeze_Epoch_1_time_2025-02-17-15-03-43-Monday/ht_result_dict.txt,-0.5,0.7118718281112092
train_data/sum_train_scout_infer_new1/train_scout_backbone_nonoiseref_traversability_optimizer_type_adam_lr_decay_type_cos_UnFreeze_Epoch_1_time_2025-02-17-15-03-43-Monday/ht_result_dict.txt,0.0,0.869511253309797
train_data/sum_train_scout_infer_new1/train_scout_backbone_nonoiseref_traversability_optimizer_type_adam_lr_decay_type_cos_UnFreeze_Epoch_1_time_2025-02-17-15-03-43-Monday/ht_result_dict.txt,0.5,0.8451842453662842
train_data/sum_train_scout_infer_new1/train_scout_backbone_nonoiseref_traversability_optimizer_type_adam_lr_decay_type_cos_UnFreeze_Epoch_1_time_2025-02-17-15-03-43-Monday/ht_result_dict.txt,1.0,0.8065492608120035
train_data/sum_train_scout_infer_new1/train_scout_backbone_nonoiseref_traversability_optimizer_type_adam_lr_decay_type_cos_UnFreeze_Epoch_1_time_2025-02-17-15-03-43-Monday/ht_result_dict.txt,1.5,0.773013432259488
train_data/sum_train_scout_infer_new1/train_scout_backbone_nonoiseref_traversability_optimizer_type_adam_lr_decay_type_cos_UnFreeze_Epoch_1_time_2025-02-17-15-03-43-Monday/ht_result_dict.txt,2.0,0.7198670564872022
train_data/sum_train_scout_infer_new1/train_scout_backbone_nonoiseref_traversability_optimizer_type_adam_lr_decay_type_cos_UnFreeze_Epoch_1_time_2025-02-17-15-03-43-Monday/ht_result_dict.txt,2.5,0.6787600672992057
train_data/sum_train_scout_infer_new1/train_scout_backbone_nonoiseref_traversability_optimizer_type_adam_lr_decay_type_cos_UnFreeze_Epoch_1_time_2025-02-17-15-03-43-Monday/ht_result_dict.txt,3.0,0.6491546226831421
train_data/sum_train_scout_infer_new1/train_scout_backbone_nonoiseref_traversability_optimizer_type_adam_lr_decay_type_cos_UnFreeze_Epoch_1_time_2025-02-17-15-03-43-Monday/ht_result_dict.txt,3.5,0.6277754026919682
train_data/sum_train_scout_infer_new1/train_scout_backbone_nonoiseref_traversability_optimizer_type_adam_lr_decay_type_cos_UnFreeze_Epoch_1_time_2025-02-17-15-03-43-Monday/ht_result_dict.txt,4.0,0.6117332303618711
train_data/sum_train_scout_infer_new1/train_scout_backbone_nonoiseref_traversability_optimizer_type_adam_lr_decay_type_cos_UnFreeze_Epoch_1_time_2025-02-17-15-03-43-Monday/ht_result_dict.txt,4.5,0.5993318347308032
train_data/sum_train_scout_infer_new1/train_scout_backbone_nonoiseref_traversability_optimizer_type_adam_lr_decay_type_cos_UnFreeze_Epoch_1_time_2025-02-17-15-03-43-Monday/ht_result_dict.txt,5.0,0.58944381619594
train_data/sum_train_scout_infer_new1/train_scout_backbone_nonoiseref_traversability_optimizer_type_adam_lr_decay_type_cos_UnFreeze_Epoch_1_time_2025-02-17-15-03-43-Monday/ht_result_dict.txt,5.5,0.5798902250661959
train_data/sum_train_scout_infer_new1/train_scout_backbone_nonoiseref_traversability_optimizer_type_adam_lr_decay_type_cos_UnFreeze_Epoch_1_time_2025-02-17-15-03-43-Monday/ht_result_dict.txt,6.0,0.572094963592233
train_data/sum_train_scout_infer_new1/train_scout_backbone_nonoiseref_traversability_optimizer_type_adam_lr_decay_type_cos_UnFreeze_Epoch_1_time_2025-02-17-15-03-43-Monday/ht_result_dict.txt,6.5,0.5650271679170344
train_data/sum_train_scout_infer_new1/train_scout_backbone_nonoiseref_traversability_optimizer_type_adam_lr_decay_type_cos_UnFreeze_Epoch_1_time_2025-02-17-15-03-43-Monday/ht_result_dict.txt,7.0,0.5593315589143866
train_data/sum_train_scout_infer_new1/train_scout_backbone_nonoiseref_traversability_optimizer_type_adam_lr_decay_type_cos_UnFreeze_Epoch_1_time_2025-02-17-15-03-43-Monday/ht_result_dict.txt,7.5,0.5542772230803178
train_data/sum_train_scout_infer_new1/train_scout_backbone_nonoiseref_traversability_optimizer_type_adam_lr_decay_type_cos_UnFreeze_Epoch_1_time_2025-02-17-15-03-43-Monday/ht_result_dict.txt,8.0,0.5499675915710504
train_data/sum_train_scout_infer_new1/train_scout_backbone_nonoiseref_traversability_optimizer_type_adam_lr_decay_type_cos_UnFreeze_Epoch_1_time_2025-02-17-15-03-43-Monday/ht_result_dict.txt,8.5,0.5457062279346867
train_data/sum_train_scout_infer_new1/train_scout_backbone_nonoiseref_traversability_optimizer_type_adam_lr_decay_type_cos_UnFreeze_Epoch_1_time_2025-02-17-15-03-43-Monday/ht_result_dict.txt,9.0,0.5416758605472197
train_data/sum_train_scout_infer_new1/train_scout_backbone_nonoiseref_traversability_optimizer_type_adam_lr_decay_type_cos_UnFreeze_Epoch_1_time_2025-02-17-15-03-43-Monday/ht_result_dict.txt,9.5,0.538104037952339
train_data/sum_train_scout_infer_new1/train_scout_backbone_nonoiseref_traversability_optimizer_type_adam_lr_decay_type_cos_UnFreeze_Epoch_1_time_2025-02-17-15-03-43-Monday/ht_result_dict.txt,10.0,0.5351803839364518
